N,quadrant,species,specimen
3.558803388,UR,A. rupestris,Arup_1
3.528323232,UR,A. rupestris,Arup_1
3.523566837,UR,A. rupestris,Arup_1
2.9881929,UR,A. rupestris,Arup_1
4.281844077,UR,A. rupestris,Arup_1
4.955457486,UR,A. rupestris,Arup_1
3.751609008,UR,A. rupestris,Arup_1
4.941168687,UR,A. rupestris,Arup_1
4.639113087,UR,A. rupestris,Arup_1
5.992998858,UL,A. rupestris,Arup_1
3.211615974,UR,A. rupestris,Arup_1
4.09550127,UR,A. rupestris,Arup_1
4.421868423,UR,A. rupestris,Arup_1
4.081359576,UR,A. rupestris,Arup_1
6.448082886,UR,A. rupestris,Arup_1
4.198268823,UR,A. rupestris,Arup_1
7.786051896,UR,A. rupestris,Arup_1
6.731877852,UR,A. rupestris,Arup_1
5.396439048,UL,A. rupestris,Arup_1
4.772723655,UL,A. rupestris,Arup_1
4.658982069,UL,A. rupestris,Arup_1
6.239085909,UL,A. rupestris,Arup_1
5.049379125,UR,A. rupestris,Arup_1
3.653744955,UR,A. rupestris,Arup_1
6.716775072,UR,A. rupestris,Arup_1
6.279863415,UR,A. rupestris,Arup_1
6.535649589,UR,A. rupestris,Arup_1
10.13062119,UR,A. rupestris,Arup_1
7.256356212,UR,A. rupestris,Arup_1
7.752315816,UL,A. rupestris,Arup_1
8.09126535,UL,A. rupestris,Arup_1
7.569405459,UL,A. rupestris,Arup_1
7.484172822,UL,A. rupestris,Arup_1
6.69553311,UL,A. rupestris,Arup_1
14.03863224,UL,A. rupestris,Arup_1
5.62676625,UL,A. rupestris,Arup_1
4.069551948,UL,A. rupestris,Arup_1
2.546936742,UL,A. rupestris,Arup_1
5.74719621,UR,A. rupestris,Arup_1
8.130179526,UR,A. rupestris,Arup_1
6.552037086,UR,A. rupestris,Arup_1
7.413219177,UR,A. rupestris,Arup_1
9.327114069,UR,A. rupestris,Arup_1
7.375413192,UR,A. rupestris,Arup_1
10.82821272,UL,A. rupestris,Arup_1
9.281472291,UL,A. rupestris,Arup_1
12.03539558,UL,A. rupestris,Arup_1
5.900499234,UL,A. rupestris,Arup_1
8.96389221,UL,A. rupestris,Arup_1
13.28528792,UL,A. rupestris,Arup_1
6.655206726,UL,A. rupestris,Arup_1
6.3019782,UL,A. rupestris,Arup_1
6.634151097,UL,A. rupestris,Arup_1
9.173536449,LR,A. rupestris,Arup_1
6.764240952,LR,A. rupestris,Arup_1
7.202662887,LR,A. rupestris,Arup_1
6.211341906,LR,A. rupestris,Arup_1
11.26250591,LR,A. rupestris,Arup_1
9.626423709,LR,A. rupestris,Arup_1
11.39712659,LL,A. rupestris,Arup_1
9.552361245,LL,A. rupestris,Arup_1
10.31852331,LL,A. rupestris,Arup_1
8.611487472,LL,A. rupestris,Arup_1
8.322190779,LL,A. rupestris,Arup_1
13.76472273,LL,A. rupestris,Arup_1
6.909482622,LL,A. rupestris,Arup_1
5.359907973,LL,A. rupestris,Arup_1
8.561726754,LR,A. rupestris,Arup_1
6.474218541,LR,A. rupestris,Arup_1
8.357025243,LR,A. rupestris,Arup_1
7.712077695,LR,A. rupestris,Arup_1
8.379179256,LR,A. rupestris,Arup_1
7.882680267,LL,A. rupestris,Arup_1
9.150195789,LL,A. rupestris,Arup_1
10.31852331,LL,A. rupestris,Arup_1
6.908609799,LL,A. rupestris,Arup_1
13.99816856,LL,A. rupestris,Arup_1
7.179910647,LL,A. rupestris,Arup_1
2.981828157,LR,A. rupestris,Arup_1
6.400891602,LR,A. rupestris,Arup_1
7.773371445,LR,A. rupestris,Arup_1
8.533119735,LR,A. rupestris,Arup_1
5.377482117,LR,A. rupestris,Arup_1
5.217373035,LL,A. rupestris,Arup_1
8.271704343,LL,A. rupestris,Arup_1
8.83591086,LL,A. rupestris,Arup_1
6.524616714,LL,A. rupestris,Arup_1
4.951515072,LL,A. rupestris,Arup_1
3.75274662,LL,A. rupestris,Arup_1
7.398577326,LR,A. rupestris,Arup_1
7.667132214,LR,A. rupestris,Arup_1
6.957634992,LR,A. rupestris,Arup_1
8.176958916,LR,A. rupestris,Arup_1
6.563805486,LL,A. rupestris,Arup_1
8.936618943,LL,A. rupestris,Arup_1
5.029657248,LL,A. rupestris,Arup_1
6.282472077,LR,A. rupestris,Arup_1
6.194179656,LR,A. rupestris,Arup_1
4.303223337,LL,A. rupestris,Arup_1
5.751825114,LL,A. rupestris,Arup_1
0.424515609,UR,A. rupestris,Arup_2
1.403705331,UR,A. rupestris,Arup_2
1.385425083,UR,A. rupestris,Arup_2
0.685940808,UR,A. rupestris,Arup_2
4.514740713,UR,A. rupestris,Arup_2
5.315256702,UL,A. rupestris,Arup_2
4.796848875,UL,A. rupestris,Arup_2
0.727522488,UR,A. rupestris,Arup_2
1.096775652,UR,A. rupestris,Arup_2
1.730611869,UR,A. rupestris,Arup_2
2.235956772,UR,A. rupestris,Arup_2
2.680763064,UR,A. rupestris,Arup_2
2.220775536,UR,A. rupestris,Arup_2
4.449180918,UR,A. rupestris,Arup_2
7.73174073,UL,A. rupestris,Arup_2
4.746117264,UL,A. rupestris,Arup_2
5.938393482,UL,A. rupestris,Arup_2
5.66364057,UL,A. rupestris,Arup_2
6.271252869,UL,A. rupestris,Arup_2
4.935598311,UL,A. rupestris,Arup_2
5.419622796,UL,A. rupestris,Arup_2
0.819433692,UR,A. rupestris,Arup_2
1.333683351,UR,A. rupestris,Arup_2
2.497568304,UR,A. rupestris,Arup_2
2.612643642,UR,A. rupestris,Arup_2
2.626736301,UR,A. rupestris,Arup_2
2.727542454,UR,A. rupestris,Arup_2
7.755130425,UR,A. rupestris,Arup_2
7.924565964,UL,A. rupestris,Arup_2
7.729720488,UL,A. rupestris,Arup_2
10.20486018,UL,A. rupestris,Arup_2
6.672074766,UL,A. rupestris,Arup_2
6.120735033,UL,A. rupestris,Arup_2
8.112723066,UL,A. rupestris,Arup_2
6.874883526,UL,A. rupestris,Arup_2
0.887553114,UR,A. rupestris,Arup_2
1.475610255,UR,A. rupestris,Arup_2
2.45694771,UR,A. rupestris,Arup_2
2.656412283,UR,A. rupestris,Arup_2
2.663571393,UR,A. rupestris,Arup_2
5.53771869,UR,A. rupestris,Arup_2
9.044319417,UL,A. rupestris,Arup_2
8.537719218,UL,A. rupestris,Arup_2
9.531354651,UL,A. rupestris,Arup_2
7.846904331,UL,A. rupestris,Arup_2
7.877306031,UL,A. rupestris,Arup_2
7.368156012,UL,A. rupestris,Arup_2
5.243459655,UL,A. rupestris,Arup_2
1.619223963,LR,A. rupestris,Arup_2
2.482847997,LR,A. rupestris,Arup_2
2.374107981,LR,A. rupestris,Arup_2
2.648939349,LR,A. rupestris,Arup_2
6.864988263,LR,A. rupestris,Arup_2
7.702427607,LL,A. rupestris,Arup_2
7.252345149,LL,A. rupestris,Arup_2
8.653481046,LL,A. rupestris,Arup_2
7.363301547,LL,A. rupestris,Arup_2
6.424379367,LL,A. rupestris,Arup_2
6.802213656,LL,A. rupestris,Arup_2
5.940041058,LL,A. rupestris,Arup_2
2.56737453,LR,A. rupestris,Arup_2
2.668082613,LR,A. rupestris,Arup_2
3.427438623,LR,A. rupestris,Arup_2
5.426007153,LR,A. rupestris,Arup_2
8.966697012,LL,A. rupestris,Arup_2
8.118499389,LL,A. rupestris,Arup_2
8.409090606,LL,A. rupestris,Arup_2
5.529108144,LL,A. rupestris,Arup_2
6.050448264,LL,A. rupestris,Arup_2
1.423044735,LR,A. rupestris,Arup_2
3.234711459,LR,A. rupestris,Arup_2
2.100139629,LR,A. rupestris,Arup_2
5.30078157,LR,A. rupestris,Arup_2
7.705546233,LL,A. rupestris,Arup_2
6.63580848,LL,A. rupestris,Arup_2
6.667946019,LL,A. rupestris,Arup_2
2.465793624,LR,A. rupestris,Arup_2
2.703417234,LR,A. rupestris,Arup_2
4.265250633,LR,A. rupestris,Arup_2
6.379826166,LL,A. rupestris,Arup_2
6.758896137,LL,A. rupestris,Arup_2
4.53740469,LR,A. rupestris,Arup_2
7.792867761,LL,A. rupestris,Arup_2
2.806331892,UR,A. rupestris,Arup_3
4.134013359,UR,A. rupestris,Arup_3
3.062716293,UR,A. rupestris,Arup_3
2.888387061,UR,A. rupestris,Arup_3
5.094265764,UR,A. rupestris,Arup_3
5.544946449,UR,A. rupestris,Arup_3
4.437981324,UR,A. rupestris,Arup_3
3.879001938,UR,A. rupestris,Arup_3
5.399469411,UR,A. rupestris,Arup_3
3.131267223,UR,A. rupestris,Arup_3
4.264524915,UR,A. rupestris,Arup_3
6.974571681,UR,A. rupestris,Arup_3
5.304272862,UL,A. rupestris,Arup_3
3.878403711,UL,A. rupestris,Arup_3
5.211949764,UL,A. rupestris,Arup_3
5.369018676,UR,A. rupestris,Arup_3
4.003923504,UR,A. rupestris,Arup_3
7.310412396,UR,A. rupestris,Arup_3
8.075407431,UR,A. rupestris,Arup_3
7.967520624,UR,A. rupestris,Arup_3
9.516242064,UR,A. rupestris,Arup_3
6.230593047,UL,A. rupestris,Arup_3
7.236732405,UL,A. rupestris,Arup_3
6.82125885,UL,A. rupestris,Arup_3
6.528196269,UL,A. rupestris,Arup_3
5.391368829,UR,A. rupestris,Arup_3
7.292279253,UR,A. rupestris,Arup_3
8.032403736,UR,A. rupestris,Arup_3
5.836420296,UR,A. rupestris,Arup_3
7.583782521,UR,A. rupestris,Arup_3
9.030256179,UR,A. rupestris,Arup_3
4.227934998,UL,A. rupestris,Arup_3
5.080163298,UL,A. rupestris,Arup_3
5.9087175,UL,A. rupestris,Arup_3
8.231789853,UL,A. rupestris,Arup_3
7.301664552,UL,A. rupestris,Arup_3
6.876256506,UL,A. rupestris,Arup_3
6.80184099,UL,A. rupestris,Arup_3
8.129257668,LR,A. rupestris,Arup_3
7.923977544,LR,A. rupestris,Arup_3
8.68439271,LR,A. rupestris,Arup_3
9.79209336,LR,A. rupestris,Arup_3
10.04322121,LR,A. rupestris,Arup_3
9.536571975,LL,A. rupestris,Arup_3
8.457399888,LL,A. rupestris,Arup_3
8.127109935,LL,A. rupestris,Arup_3
9.786925071,LL,A. rupestris,Arup_3
5.661031908,LL,A. rupestris,Arup_3
8.502364983,LL,A. rupestris,Arup_3
4.51582929,LL,A. rupestris,Arup_3
6.755002758,LR,A. rupestris,Arup_3
7.980201075,LR,A. rupestris,Arup_3
6.857211312,LR,A. rupestris,Arup_3
8.789847381,LR,A. rupestris,Arup_3
9.005846556,LR,A. rupestris,Arup_3
8.363478249,LL,A. rupestris,Arup_3
9.594139065,LL,A. rupestris,Arup_3
7.282295727,LL,A. rupestris,Arup_3
7.633190187,LL,A. rupestris,Arup_3
8.123579415,LL,A. rupestris,Arup_3
7.565649378,LL,A. rupestris,Arup_3
6.352170426,LR,A. rupestris,Arup_3
7.085616342,LR,A. rupestris,Arup_3
6.043848153,LR,A. rupestris,Arup_3
7.145507691,LR,A. rupestris,Arup_3
9.949348605,LR,A. rupestris,Arup_3
8.180087349,LL,A. rupestris,Arup_3
7.49764764,LL,A. rupestris,Arup_3
8.007493956,LL,A. rupestris,Arup_3
4.898920131,LL,A. rupestris,Arup_3
6.511573404,LR,A. rupestris,Arup_3
6.837881715,LR,A. rupestris,Arup_3
4.389162078,LR,A. rupestris,Arup_3
6.838381872,LR,A. rupestris,Arup_3
8.75353206,LR,A. rupestris,Arup_3
4.53926802,LL,A. rupestris,Arup_3
7.308068523,LL,A. rupestris,Arup_3
8.233849323,LL,A. rupestris,Arup_3
2.638543929,UR,A. rupestris,Arup_4
3.37694238,UR,A. rupestris,Arup_4
4.403686245,UR,A. rupestris,Arup_4
3.787188804,UR,A. rupestris,Arup_4
4.066747146,UR,A. rupestris,Arup_4
5.280961623,UR,A. rupestris,Arup_4
4.694091129,UR,A. rupestris,Arup_4
7.136534286,UL,A. rupestris,Arup_4
6.427037064,UL,A. rupestris,Arup_4
6.310039554,UL,A. rupestris,Arup_4
2.417827587,UR,A. rupestris,Arup_4
2.341587969,UR,A. rupestris,Arup_4
4.971227142,UR,A. rupestris,Arup_4
5.797721874,UR,A. rupestris,Arup_4
5.058097548,UR,A. rupestris,Arup_4
6.899744271,UR,A. rupestris,Arup_4
6.244097286,UR,A. rupestris,Arup_4
7.219236717,UR,A. rupestris,Arup_4
7.627060812,UR,A. rupestris,Arup_4
7.528647567,UL,A. rupestris,Arup_4
5.318649924,UL,A. rupestris,Arup_4
8.713745061,UL,A. rupestris,Arup_4
6.680812803,UL,A. rupestris,Arup_4
7.425899628,UL,A. rupestris,Arup_4
8.747402685,UL,A. rupestris,Arup_4
5.545132782,UL,A. rupestris,Arup_4
6.094864167,UL,A. rupestris,Arup_4
4.459272321,UR,A. rupestris,Arup_4
6.501629106,UR,A. rupestris,Arup_4
4.305135702,UR,A. rupestris,Arup_4
4.940040882,UR,A. rupestris,Arup_4
6.703898481,UR,A. rupestris,Arup_4
6.858672555,UR,A. rupestris,Arup_4
7.111075314,UR,A. rupestris,Arup_4
6.966373029,UR,A. rupestris,Arup_4
7.613183907,UL,A. rupestris,Arup_4
8.713833324,UL,A. rupestris,Arup_4
9.646518252,UL,A. rupestris,Arup_4
8.645468727,UL,A. rupestris,Arup_4
10.16740725,UL,A. rupestris,Arup_4
7.896959259,UL,A. rupestris,Arup_4
5.771301816,UL,A. rupestris,Arup_4
5.348463204,UL,A. rupestris,Arup_4
4.800653991,UR,A. rupestris,Arup_4
8.450672286,UR,A. rupestris,Arup_4
6.389397798,UR,A. rupestris,Arup_4
6.843334407,UR,A. rupestris,Arup_4
6.538219023,UR,A. rupestris,Arup_4
9.127796601,UR,A. rupestris,Arup_4
12.60302474,UR,A. rupestris,Arup_4
9.458223852,UL,A. rupestris,Arup_4
11.94092474,UL,A. rupestris,Arup_4
10.50983827,UL,A. rupestris,Arup_4
10.61543024,UL,A. rupestris,Arup_4
8.284992828,UL,A. rupestris,Arup_4
4.14335943,UL,A. rupestris,Arup_4
9.984967629,UL,A. rupestris,Arup_4
6.892281144,LR,A. rupestris,Arup_4
9.152157189,LR,A. rupestris,Arup_4
6.892928406,LR,A. rupestris,Arup_4
5.395164138,LR,A. rupestris,Arup_4
9.836646561,LR,A. rupestris,Arup_4
11.02495094,LR,A. rupestris,Arup_4
11.81975926,LL,A. rupestris,Arup_4
9.973983789,LL,A. rupestris,Arup_4
7.162866081,LL,A. rupestris,Arup_4
10.39284076,LL,A. rupestris,Arup_4
7.967157765,LL,A. rupestris,Arup_4
6.533639154,LL,A. rupestris,Arup_4
7.466284854,LR,A. rupestris,Arup_4
8.023753962,LR,A. rupestris,Arup_4
7.181460153,LR,A. rupestris,Arup_4
9.631317402,LR,A. rupestris,Arup_4
9.606319359,LR,A. rupestris,Arup_4
7.70261394,LR,A. rupestris,Arup_4
10.66795653,LL,A. rupestris,Arup_4
10.25889675,LL,A. rupestris,Arup_4
8.419986183,LL,A. rupestris,Arup_4
7.145193867,LL,A. rupestris,Arup_4
5.740341117,LL,A. rupestris,Arup_4
7.133013573,LR,A. rupestris,Arup_4
6.419524902,LR,A. rupestris,Arup_4
7.622892837,LR,A. rupestris,Arup_4
10.45736101,LR,A. rupestris,Arup_4
12.82602611,LR,A. rupestris,Arup_4
7.779863679,LL,A. rupestris,Arup_4
9.803449866,LL,A. rupestris,Arup_4
7.30170378,LL,A. rupestris,Arup_4
6.670142787,LL,A. rupestris,Arup_4
8.074946502,LR,A. rupestris,Arup_4
8.41087548,LR,A. rupestris,Arup_4
5.87135283,LR,A. rupestris,Arup_4
9.686501391,LR,A. rupestris,Arup_4
9.45914571,LL,A. rupestris,Arup_4
10.76104457,LL,A. rupestris,Arup_4
5.341362936,LL,A. rupestris,Arup_4
6.45163302,LR,A. rupestris,Arup_4
6.017016201,LR,A. rupestris,Arup_4
5.621146839,LR,A. rupestris,Arup_4
6.317414418,LR,A. rupestris,Arup_4
5.823180846,LL,A. rupestris,Arup_4
5.498794707,LL,A. rupestris,Arup_4
1.211900025,UR,L. gibbosus,Lgib_1
2.877648396,UR,L. gibbosus,Lgib_1
2.864516823,UR,L. gibbosus,Lgib_1
3.835694226,UR,L. gibbosus,Lgib_1
1.772448531,UR,L. gibbosus,Lgib_1
3.417553167,UR,L. gibbosus,Lgib_1
2.922917508,UR,L. gibbosus,Lgib_1
2.156216055,UR,L. gibbosus,Lgib_1
1.644231813,UL,L. gibbosus,Lgib_1
2.133552078,UL,L. gibbosus,Lgib_1
3.20012217,UR,L. gibbosus,Lgib_1
3.036306042,UR,L. gibbosus,Lgib_1
5.278107786,UR,L. gibbosus,Lgib_1
4.502383893,UR,L. gibbosus,Lgib_1
3.788267574,UL,L. gibbosus,Lgib_1
2.654548953,UL,L. gibbosus,Lgib_1
2.440599441,UL,L. gibbosus,Lgib_1
2.171093274,UL,L. gibbosus,Lgib_1
5.824553826,UR,L. gibbosus,Lgib_1
7.82981073,UR,L. gibbosus,Lgib_1
5.39012334,UR,L. gibbosus,Lgib_1
5.310019764,UR,L. gibbosus,Lgib_1
5.808215364,UL,L. gibbosus,Lgib_1
5.11405629,UL,L. gibbosus,Lgib_1
4.221285852,UL,L. gibbosus,Lgib_1
5.003148927,UL,L. gibbosus,Lgib_1
3.527685777,UL,L. gibbosus,Lgib_1
1.784756316,UL,L. gibbosus,Lgib_1
5.850189324,LR,L. gibbosus,Lgib_1
5.497686516,LR,L. gibbosus,Lgib_1
5.449720479,LR,L. gibbosus,Lgib_1
4.686353406,LL,L. gibbosus,Lgib_1
4.677929193,LL,L. gibbosus,Lgib_1
2.980092318,LL,L. gibbosus,Lgib_1
5.337116505,LL,L. gibbosus,Lgib_1
4.576171761,LL,L. gibbosus,Lgib_1
4.054949325,LL,L. gibbosus,Lgib_1
3.835507893,LL,L. gibbosus,Lgib_1
1.100168874,LR,L. gibbosus,Lgib_1
3.838391151,LR,L. gibbosus,Lgib_1
4.169524506,LR,L. gibbosus,Lgib_1
5.380090779,LL,L. gibbosus,Lgib_1
3.922888263,LL,L. gibbosus,Lgib_1
3.47481624,LL,L. gibbosus,Lgib_1
3.383130597,LL,L. gibbosus,Lgib_1
6.266457246,LR,L. gibbosus,Lgib_1
3.337724187,LR,L. gibbosus,Lgib_1
5.168024211,LL,L. gibbosus,Lgib_1
4.388544237,LL,L. gibbosus,Lgib_1
2.531696664,LL,L. gibbosus,Lgib_1
4.227052368,LR,L. gibbosus,Lgib_1
4.444208769,LR,L. gibbosus,Lgib_1
1.390877775,UR,L. gibbosus,Lgib_2
1.653979971,UR,L. gibbosus,Lgib_2
1.848109536,UR,L. gibbosus,Lgib_2
1.735368264,UR,L. gibbosus,Lgib_2
1.731474885,UR,L. gibbosus,Lgib_2
1.568521773,UR,L. gibbosus,Lgib_2
1.688451576,UR,L. gibbosus,Lgib_2
2.018064846,UR,L. gibbosus,Lgib_2
1.943825856,UR,L. gibbosus,Lgib_2
1.717519524,UR,L. gibbosus,Lgib_2
1.762563075,UL,L. gibbosus,Lgib_2
1.509660159,UL,L. gibbosus,Lgib_2
1.897870254,UR,L. gibbosus,Lgib_2
2.541533085,UR,L. gibbosus,Lgib_2
3.052458171,UR,L. gibbosus,Lgib_2
2.603101431,UR,L. gibbosus,Lgib_2
2.369331972,UR,L. gibbosus,Lgib_2
2.46724506,UL,L. gibbosus,Lgib_2
2.233436373,UL,L. gibbosus,Lgib_2
1.849119657,UL,L. gibbosus,Lgib_2
2.809862412,UR,L. gibbosus,Lgib_2
2.161109748,UR,L. gibbosus,Lgib_2
2.77489065,UR,L. gibbosus,Lgib_2
4.33989171,UR,L. gibbosus,Lgib_2
3.593500554,UL,L. gibbosus,Lgib_2
2.864516823,UL,L. gibbosus,Lgib_2
3.015701535,UL,L. gibbosus,Lgib_2
4.077015075,UL,L. gibbosus,Lgib_2
2.400959547,UL,L. gibbosus,Lgib_2
2.613398781,UL,L. gibbosus,Lgib_2
1.711753008,LR,L. gibbosus,Lgib_2
3.352689669,LR,L. gibbosus,Lgib_2
2.962557402,LR,L. gibbosus,Lgib_2
3.718647681,LR,L. gibbosus,Lgib_2
2.843961351,LL,L. gibbosus,Lgib_2
3.602709327,LL,L. gibbosus,Lgib_2
3.778382118,LL,L. gibbosus,Lgib_2
4.945562223,LL,L. gibbosus,Lgib_2
3.350904795,LL,L. gibbosus,Lgib_2
2.745185247,LL,L. gibbosus,Lgib_2
1.711753008,LR,L. gibbosus,Lgib_2
2.000951631,LR,L. gibbosus,Lgib_2
1.825543629,LR,L. gibbosus,Lgib_2
2.167523526,LR,L. gibbosus,Lgib_2
2.808391362,LL,L. gibbosus,Lgib_2
3.216058545,LL,L. gibbosus,Lgib_2
2.764681563,LL,L. gibbosus,Lgib_2
2.147379948,LR,L. gibbosus,Lgib_2
2.480837562,LR,L. gibbosus,Lgib_2
3.400979337,LR,L. gibbosus,Lgib_2
3.13068861,LL,L. gibbosus,Lgib_2
2.483495259,LL,L. gibbosus,Lgib_2
2.056017936,LR,L. gibbosus,Lgib_2
1.812774915,UR,L. gibbosus,Lgib_3
2.125912425,UR,L. gibbosus,Lgib_3
2.478591759,UR,L. gibbosus,Lgib_3
1.669592715,UR,L. gibbosus,Lgib_3
1.381992633,UL,L. gibbosus,Lgib_3
1.765122702,UR,L. gibbosus,Lgib_3
2.474659152,UR,L. gibbosus,Lgib_3
2.370704952,UR,L. gibbosus,Lgib_3
2.852424792,UR,L. gibbosus,Lgib_3
2.517917829,UR,L. gibbosus,Lgib_3
2.227895418,UR,L. gibbosus,Lgib_3
3.537159339,UL,L. gibbosus,Lgib_3
1.931508264,UL,L. gibbosus,Lgib_3
1.677555999,UL,L. gibbosus,Lgib_3
2.311794303,UR,L. gibbosus,Lgib_3
3.490968369,UR,L. gibbosus,Lgib_3
3.324582807,UR,L. gibbosus,Lgib_3
3.81060792,UR,L. gibbosus,Lgib_3
3.566590146,UR,L. gibbosus,Lgib_3
3.780627921,UL,L. gibbosus,Lgib_3
3.230749431,UL,L. gibbosus,Lgib_3
1.524723711,UL,L. gibbosus,Lgib_3
1.743429618,UL,L. gibbosus,Lgib_3
3.012916347,UL,L. gibbosus,Lgib_3
2.701465641,UL,L. gibbosus,Lgib_3
5.75141322,LR,L. gibbosus,Lgib_3
4.125481269,LR,L. gibbosus,Lgib_3
4.310912025,LR,L. gibbosus,Lgib_3
4.64479134,LL,L. gibbosus,Lgib_3
4.711841799,LL,L. gibbosus,Lgib_3
3.992969085,LL,L. gibbosus,Lgib_3
4.077878091,LL,L. gibbosus,Lgib_3
2.821581777,LL,L. gibbosus,Lgib_3
3.740026941,LL,L. gibbosus,Lgib_3
2.946993693,LL,L. gibbosus,Lgib_3
3.866772609,LR,L. gibbosus,Lgib_3
2.614585428,LR,L. gibbosus,Lgib_3
3.600002595,LR,L. gibbosus,Lgib_3
3.491203737,LL,L. gibbosus,Lgib_3
3.825073245,LL,L. gibbosus,Lgib_3
2.853846807,LL,L. gibbosus,Lgib_3
3.320964024,LL,L. gibbosus,Lgib_3
3.687569298,LL,L. gibbosus,Lgib_3
3.484476135,LR,L. gibbosus,Lgib_3
3.75000066,LR,L. gibbosus,Lgib_3
3.569424369,LL,L. gibbosus,Lgib_3
3.571895733,LL,L. gibbosus,Lgib_3
2.063059362,LL,L. gibbosus,Lgib_3
0.92499624,LL,L. gibbosus,Lgib_3
3.906824397,LR,L. gibbosus,Lgib_3
3.548741406,LR,L. gibbosus,Lgib_3
4.087037829,LL,L. gibbosus,Lgib_3
3.224021829,LL,L. gibbosus,Lgib_3
2.486329482,UR,L. gibbosus,Lgib_4
2.184087549,UR,L. gibbosus,Lgib_4
2.05564527,UR,L. gibbosus,Lgib_4
2.159138541,UR,L. gibbosus,Lgib_4
2.485642992,UR,L. gibbosus,Lgib_4
3.908834832,UR,L. gibbosus,Lgib_4
3.070728612,UR,L. gibbosus,Lgib_4
4.032334383,UR,L. gibbosus,Lgib_4
3.619871577,UL,L. gibbosus,Lgib_4
3.512710488,UL,L. gibbosus,Lgib_4
3.240634887,UL,L. gibbosus,Lgib_4
2.111908029,UR,L. gibbosus,Lgib_4
3.809323203,UR,L. gibbosus,Lgib_4
3.678144771,UR,L. gibbosus,Lgib_4
3.704868846,UR,L. gibbosus,Lgib_4
4.031785191,UR,L. gibbosus,Lgib_4
3.984593907,UL,L. gibbosus,Lgib_4
4.359338991,UL,L. gibbosus,Lgib_4
5.024842011,UL,L. gibbosus,Lgib_4
3.75421767,UL,L. gibbosus,Lgib_4
4.312059444,UL,L. gibbosus,Lgib_4
3.933332718,UL,L. gibbosus,Lgib_4
4.783619232,UL,L. gibbosus,Lgib_4
3.491703894,UR,L. gibbosus,Lgib_4
2.603974254,UR,L. gibbosus,Lgib_4
5.09552106,UR,L. gibbosus,Lgib_4
4.062137856,UR,L. gibbosus,Lgib_4
3.984593907,UL,L. gibbosus,Lgib_4
3.284580054,UL,L. gibbosus,Lgib_4
4.695728898,UL,L. gibbosus,Lgib_4
5.083801695,UL,L. gibbosus,Lgib_4
4.153862727,UL,L. gibbosus,Lgib_4
4.608534861,UL,L. gibbosus,Lgib_4
2.80921515,UL,L. gibbosus,Lgib_4
3.491703894,LR,L. gibbosus,Lgib_4
3.849973218,LR,L. gibbosus,Lgib_4
3.347884239,LR,L. gibbosus,Lgib_4
2.887259256,LR,L. gibbosus,Lgib_4
4.703839287,LL,L. gibbosus,Lgib_4
3.692188395,LL,L. gibbosus,Lgib_4
5.366360979,LL,L. gibbosus,Lgib_4
4.091980557,LL,L. gibbosus,Lgib_4
4.52838225,LL,L. gibbosus,Lgib_4
2.260484079,LR,L. gibbosus,Lgib_4
3.20286813,LR,L. gibbosus,Lgib_4
3.942296316,LR,L. gibbosus,Lgib_4
3.043484766,LL,L. gibbosus,Lgib_4
3.462498648,LL,L. gibbosus,Lgib_4
4.273841565,LL,L. gibbosus,Lgib_4
4.023360978,LL,L. gibbosus,Lgib_4
3.74313576,LR,L. gibbosus,Lgib_4
3.690540819,LR,L. gibbosus,Lgib_4
3.500765562,LL,L. gibbosus,Lgib_4
4.192865166,LL,L. gibbosus,Lgib_4
4.833605511,LR,L. gibbosus,Lgib_4
1.689961854,UR,L. gibbosus,Lgib_5
1.839234201,UR,L. gibbosus,Lgib_5
1.298319309,UR,L. gibbosus,Lgib_5
1.782147654,UR,L. gibbosus,Lgib_5
1.772723127,UL,L. gibbosus,Lgib_5
1.778077749,UR,L. gibbosus,Lgib_5
1.582810572,UR,L. gibbosus,Lgib_5
2.970795282,UR,L. gibbosus,Lgib_5
2.719598784,UR,L. gibbosus,Lgib_5
3.325779261,UR,L. gibbosus,Lgib_5
2.597011284,UR,L. gibbosus,Lgib_5
1.798584186,UL,L. gibbosus,Lgib_5
1.781186568,UL,L. gibbosus,Lgib_5
1.39014225,UL,L. gibbosus,Lgib_5
3.5766129,UR,L. gibbosus,Lgib_5
4.564001274,UR,L. gibbosus,Lgib_5
4.153499868,UR,L. gibbosus,Lgib_5
3.563344029,UR,L. gibbosus,Lgib_5
3.874598595,UL,L. gibbosus,Lgib_5
1.277538276,UL,L. gibbosus,Lgib_5
3.232171446,UL,L. gibbosus,Lgib_5
3.294926439,UL,L. gibbosus,Lgib_5
2.148390069,UL,L. gibbosus,Lgib_5
4.332291285,LR,L. gibbosus,Lgib_5
4.72383576,LR,L. gibbosus,Lgib_5
3.60828951,LR,L. gibbosus,Lgib_5
3.086282514,LL,L. gibbosus,Lgib_5
4.848659256,LL,L. gibbosus,Lgib_5
4.565236956,LL,L. gibbosus,Lgib_5
3.388573482,LL,L. gibbosus,Lgib_5
3.664405164,LL,L. gibbosus,Lgib_5
3.930125829,LR,L. gibbosus,Lgib_5
1.759169853,LL,L. gibbosus,Lgib_5
3.813216582,LL,L. gibbosus,Lgib_5
3.629070543,LL,L. gibbosus,Lgib_5
3.653607657,LR,L. gibbosus,Lgib_5
3.250981272,LR,L. gibbosus,Lgib_5
3.593461326,LL,L. gibbosus,Lgib_5
2.911982703,LL,L. gibbosus,Lgib_5
2.167199895,UR,L. macrochirus,Lmac_1
2.633218728,UR,L. macrochirus,Lmac_1
3.049986807,UR,L. macrochirus,Lmac_1
2.455613958,UR,L. macrochirus,Lmac_1
2.271467919,UR,L. macrochirus,Lmac_1
2.65298964,UR,L. macrochirus,Lmac_1
2.648144982,UR,L. macrochirus,Lmac_1
2.942560929,UR,L. macrochirus,Lmac_1
2.36956734,UR,L. macrochirus,Lmac_1
2.471452263,UR,L. macrochirus,Lmac_1
3.096628899,UL,L. macrochirus,Lmac_1
3.806812611,UL,L. macrochirus,Lmac_1
3.752197428,UL,L. macrochirus,Lmac_1
3.604906095,UL,L. macrochirus,Lmac_1
3.433067841,UL,L. macrochirus,Lmac_1
2.897880237,UL,L. macrochirus,Lmac_1
3.837616398,UL,L. macrochirus,Lmac_1
4.85260167,UL,L. macrochirus,Lmac_1
4.590087894,UL,L. macrochirus,Lmac_1
3.596844741,UL,L. macrochirus,Lmac_1
2.459095443,UR,L. macrochirus,Lmac_1
2.438088849,UR,L. macrochirus,Lmac_1
2.211733482,UR,L. macrochirus,Lmac_1
3.11627232,UR,L. macrochirus,Lmac_1
3.326504979,UR,L. macrochirus,Lmac_1
3.799123923,UR,L. macrochirus,Lmac_1
2.956928184,UR,L. macrochirus,Lmac_1
3.701485431,UR,L. macrochirus,Lmac_1
3.892270809,UR,L. macrochirus,Lmac_1
3.850198779,UR,L. macrochirus,Lmac_1
3.906275205,UL,L. macrochirus,Lmac_1
4.338469695,UL,L. macrochirus,Lmac_1
3.830015973,UL,L. macrochirus,Lmac_1
3.379600077,UL,L. macrochirus,Lmac_1
4.471393773,UL,L. macrochirus,Lmac_1
5.868038064,UL,L. macrochirus,Lmac_1
3.33849894,UL,L. macrochirus,Lmac_1
6.101670225,UL,L. macrochirus,Lmac_1
6.418014624,UL,L. macrochirus,Lmac_1
5.29234755,UL,L. macrochirus,Lmac_1
1.557998862,UR,L. macrochirus,Lmac_1
3.146115021,UR,L. macrochirus,Lmac_1
3.060421455,UR,L. macrochirus,Lmac_1
2.72605179,UR,L. macrochirus,Lmac_1
2.981416263,UR,L. macrochirus,Lmac_1
4.170299259,UR,L. macrochirus,Lmac_1
4.432214808,UR,L. macrochirus,Lmac_1
4.108593615,UR,L. macrochirus,Lmac_1
4.38049269,UR,L. macrochirus,Lmac_1
4.45002432,UR,L. macrochirus,Lmac_1
4.142055099,UR,L. macrochirus,Lmac_1
4.633895763,UL,L. macrochirus,Lmac_1
4.504306065,UL,L. macrochirus,Lmac_1
4.883817351,UL,L. macrochirus,Lmac_1
5.851101375,UL,L. macrochirus,Lmac_1
6.327701961,UL,L. macrochirus,Lmac_1
6.076446621,UL,L. macrochirus,Lmac_1
5.095746621,UL,L. macrochirus,Lmac_1
5.812010673,UL,L. macrochirus,Lmac_1
4.84093134,UL,L. macrochirus,Lmac_1
5.443630332,UL,L. macrochirus,Lmac_1
3.655941723,LR,L. macrochirus,Lmac_1
4.549673247,LR,L. macrochirus,Lmac_1
3.636945564,LR,L. macrochirus,Lmac_1
3.737879208,LR,L. macrochirus,Lmac_1
4.260474624,LR,L. macrochirus,Lmac_1
4.277548611,LR,L. macrochirus,Lmac_1
4.892143494,LR,L. macrochirus,Lmac_1
3.902018967,LL,L. macrochirus,Lmac_1
4.09079391,LL,L. macrochirus,Lmac_1
3.996175974,LL,L. macrochirus,Lmac_1
5.727376263,LL,L. macrochirus,Lmac_1
5.576917269,LL,L. macrochirus,Lmac_1
5.198376876,LL,L. macrochirus,Lmac_1
3.209644767,LL,L. macrochirus,Lmac_1
4.72256085,LL,L. macrochirus,Lmac_1
4.679665032,LR,L. macrochirus,Lmac_1
2.863732263,LR,L. macrochirus,Lmac_1
3.079143018,LR,L. macrochirus,Lmac_1
3.566953005,LR,L. macrochirus,Lmac_1
3.699239628,LR,L. macrochirus,Lmac_1
4.047574461,LR,L. macrochirus,Lmac_1
3.177830859,LL,L. macrochirus,Lmac_1
4.24829433,LL,L. macrochirus,Lmac_1
3.582016557,LL,L. macrochirus,Lmac_1
3.343167072,LL,L. macrochirus,Lmac_1
5.902284108,LL,L. macrochirus,Lmac_1
3.993930171,LL,L. macrochirus,Lmac_1
2.389524585,LL,L. macrochirus,Lmac_1
2.308185327,LR,L. macrochirus,Lmac_1
2.480837562,LR,L. macrochirus,Lmac_1
4.098659124,LR,L. macrochirus,Lmac_1
2.62964898,LR,L. macrochirus,Lmac_1
3.420524688,LR,L. macrochirus,Lmac_1
2.924476821,LL,L. macrochirus,Lmac_1
2.932028211,LL,L. macrochirus,Lmac_1
3.048662862,LL,L. macrochirus,Lmac_1
4.009856739,LL,L. macrochirus,Lmac_1
4.66881849,LL,L. macrochirus,Lmac_1
3.169455681,LL,L. macrochirus,Lmac_1
3.406981221,LR,L. macrochirus,Lmac_1
1.709595468,LR,L. macrochirus,Lmac_1
3.289434519,LR,L. macrochirus,Lmac_1
2.428242621,LL,L. macrochirus,Lmac_1
2.620400979,LL,L. macrochirus,Lmac_1
3.153303552,LL,L. macrochirus,Lmac_1
2.583879711,LL,L. macrochirus,Lmac_1
3.803282091,LR,L. macrochirus,Lmac_1
1.586929512,LR,L. macrochirus,Lmac_1
3.224110092,LL,L. macrochirus,Lmac_1
2.989203021,LL,L. macrochirus,Lmac_1
3.074112027,LL,L. macrochirus,Lmac_1
2.781529989,LR,L. macrochirus,Lmac_1
3.565079868,LL,L. macrochirus,Lmac_1
2.896232661,LL,L. macrochirus,Lmac_1
2.713096743,UR,L. macrochirus,Lmac_2
3.150734118,UR,L. macrochirus,Lmac_2
2.398811814,UR,L. macrochirus,Lmac_2
2.118498333,UR,L. macrochirus,Lmac_2
1.746352104,UR,L. macrochirus,Lmac_2
1.47144228,UR,L. macrochirus,Lmac_2
1.761278358,UR,L. macrochirus,Lmac_2
1.452622647,UL,L. macrochirus,Lmac_2
1.571454066,UL,L. macrochirus,Lmac_2
1.800182727,UR,L. macrochirus,Lmac_2
2.624480691,UR,L. macrochirus,Lmac_2
3.21189057,UR,L. macrochirus,Lmac_2
2.558518809,UR,L. macrochirus,Lmac_2
1.711703973,UR,L. macrochirus,Lmac_2
1.765858227,UR,L. macrochirus,Lmac_2
2.105405988,UR,L. macrochirus,Lmac_2
2.361280425,UL,L. macrochirus,Lmac_2
1.968627759,UL,L. macrochirus,Lmac_2
2.096108952,UL,L. macrochirus,Lmac_2
3.297162435,UR,L. macrochirus,Lmac_2
3.317256978,UR,L. macrochirus,Lmac_2
4.038973722,UR,L. macrochirus,Lmac_2
2.46106665,UR,L. macrochirus,Lmac_2
2.601816714,UR,L. macrochirus,Lmac_2
3.036717936,UR,L. macrochirus,Lmac_2
3.076995285,UL,L. macrochirus,Lmac_2
2.787610329,UL,L. macrochirus,Lmac_2
2.176585194,UL,L. macrochirus,Lmac_2
1.611868713,UL,L. macrochirus,Lmac_2
2.642417694,UL,L. macrochirus,Lmac_2
3.402950544,UR,L. macrochirus,Lmac_2
3.695483547,UR,L. macrochirus,Lmac_2
2.591842995,UR,L. macrochirus,Lmac_2
1.797711363,UR,L. macrochirus,Lmac_2
3.496872183,UR,L. macrochirus,Lmac_2
3.597070302,UL,L. macrochirus,Lmac_2
3.146526915,UL,L. macrochirus,Lmac_2
3.140162172,UL,L. macrochirus,Lmac_2
1.741183815,UL,L. macrochirus,Lmac_2
3.777381804,UL,L. macrochirus,Lmac_2
2.927771973,UL,L. macrochirus,Lmac_2
2.119910541,UL,L. macrochirus,Lmac_2
2.45900718,LR,L. macrochirus,Lmac_2
3.467715972,LR,L. macrochirus,Lmac_2
3.173398095,LR,L. macrochirus,Lmac_2
2.975424186,LR,L. macrochirus,Lmac_2
3.62201931,LR,L. macrochirus,Lmac_2
3.39086832,LL,L. macrochirus,Lmac_2
3.786345402,LL,L. macrochirus,Lmac_2
3.690815415,LL,L. macrochirus,Lmac_2
2.14312371,LL,L. macrochirus,Lmac_2
2.392133247,LL,L. macrochirus,Lmac_2
3.93525489,LL,L. macrochirus,Lmac_2
2.96475417,LL,L. macrochirus,Lmac_2
3.296299419,LR,L. macrochirus,Lmac_2
2.660413539,LR,L. macrochirus,Lmac_2
2.496675867,LR,L. macrochirus,Lmac_2
2.93317563,LR,L. macrochirus,Lmac_2
2.357063415,LL,L. macrochirus,Lmac_2
3.592088346,LL,L. macrochirus,Lmac_2
2.334271947,LL,L. macrochirus,Lmac_2
1.924868925,LL,L. macrochirus,Lmac_2
2.397164238,LL,L. macrochirus,Lmac_2
2.729346942,LR,L. macrochirus,Lmac_2
3.399282726,LR,L. macrochirus,Lmac_2
2.325484875,LR,L. macrochirus,Lmac_2
2.45145579,LR,L. macrochirus,Lmac_2
2.992772769,LL,L. macrochirus,Lmac_2
2.10595518,LL,L. macrochirus,Lmac_2
1.876677327,LL,L. macrochirus,Lmac_2
2.753599653,LR,L. macrochirus,Lmac_2
2.625069111,LR,L. macrochirus,Lmac_2
3.396448503,LR,L. macrochirus,Lmac_2
2.048044845,LL,L. macrochirus,Lmac_2
2.507022252,UR,L. macrochirus,Lmac_3
2.818512186,UR,L. macrochirus,Lmac_3
2.671397379,UR,L. macrochirus,Lmac_3
2.055007815,UR,L. macrochirus,Lmac_3
2.491507578,UR,L. macrochirus,Lmac_3
4.407501168,UR,L. macrochirus,Lmac_3
3.436637589,UR,L. macrochirus,Lmac_3
3.714342408,UR,L. macrochirus,Lmac_3
3.566590146,UR,L. macrochirus,Lmac_3
2.524870992,UL,L. macrochirus,Lmac_3
2.25600228,UL,L. macrochirus,Lmac_3
4.859378307,UR,L. macrochirus,Lmac_3
5.020311177,UR,L. macrochirus,Lmac_3
4.5641778,UR,L. macrochirus,Lmac_3
4.070140368,UR,L. macrochirus,Lmac_3
3.55670469,UL,L. macrochirus,Lmac_3
3.053968449,UL,L. macrochirus,Lmac_3
2.816501751,UL,L. macrochirus,Lmac_3
5.183676183,UR,L. macrochirus,Lmac_3
6.157099389,UR,L. macrochirus,Lmac_3
6.913876158,UR,L. macrochirus,Lmac_3
4.235613879,UR,L. macrochirus,Lmac_3
6.465205908,UL,L. macrochirus,Lmac_3
5.052311418,UL,L. macrochirus,Lmac_3
3.917906307,UL,L. macrochirus,Lmac_3
4.73148522,UL,L. macrochirus,Lmac_3
4.452858543,UL,L. macrochirus,Lmac_3
5.148429825,LR,L. macrochirus,Lmac_3
5.625079446,LR,L. macrochirus,Lmac_3
5.574220344,LR,L. macrochirus,Lmac_3
5.709027366,LR,L. macrochirus,Lmac_3
7.269723153,LL,L. macrochirus,Lmac_3
8.020635336,LL,L. macrochirus,Lmac_3
6.940060848,LL,L. macrochirus,Lmac_3
6.336900927,LL,L. macrochirus,Lmac_3
7.386446067,LL,L. macrochirus,Lmac_3
5.520026862,LL,L. macrochirus,Lmac_3
5.171280135,LR,L. macrochirus,Lmac_3
5.200573644,LR,L. macrochirus,Lmac_3
5.206153827,LR,L. macrochirus,Lmac_3
5.244420741,LR,L. macrochirus,Lmac_3
5.936608608,LL,L. macrochirus,Lmac_3
5.538513057,LL,L. macrochirus,Lmac_3
6.718373613,LL,L. macrochirus,Lmac_3
6.547594515,LL,L. macrochirus,Lmac_3
4.735917984,LL,L. macrochirus,Lmac_3
3.444012453,LL,L. macrochirus,Lmac_3
4.452358386,LR,L. macrochirus,Lmac_3
4.476199203,LR,L. macrochirus,Lmac_3
4.658011176,LR,L. macrochirus,Lmac_3
2.329054623,LR,L. macrochirus,Lmac_3
4.568022144,LL,L. macrochirus,Lmac_3
4.545593535,LL,L. macrochirus,Lmac_3
5.65226445,LL,L. macrochirus,Lmac_3
3.943581033,LR,L. macrochirus,Lmac_3
3.844432263,LR,L. macrochirus,Lmac_3
5.630335998,LR,L. macrochirus,Lmac_3
3.444012453,LR,L. macrochirus,Lmac_3
1.507875285,UR,L. macrochirus,Lmac_4
2.090577804,UR,L. macrochirus,Lmac_4
2.064618675,UR,L. macrochirus,Lmac_4
2.230827711,UR,L. macrochirus,Lmac_4
2.561176506,UR,L. macrochirus,Lmac_4
2.951485299,UR,L. macrochirus,Lmac_4
1.993262943,UR,L. macrochirus,Lmac_4
2.25727719,UR,L. macrochirus,Lmac_4
3.192345219,UR,L. macrochirus,Lmac_4
1.492860768,UL,L. macrochirus,Lmac_4
1.84234302,UL,L. macrochirus,Lmac_4
1.692894147,UL,L. macrochirus,Lmac_4
2.561176506,UR,L. macrochirus,Lmac_4
4.831771602,UR,L. macrochirus,Lmac_4
2.393682753,UR,L. macrochirus,Lmac_4
1.980072528,UR,L. macrochirus,Lmac_4
3.438422463,UR,L. macrochirus,Lmac_4
3.102258117,UR,L. macrochirus,Lmac_4
2.636052951,UL,L. macrochirus,Lmac_4
1.488967389,UL,L. macrochirus,Lmac_4
2.425133802,UL,L. macrochirus,Lmac_4
1.853650491,UL,L. macrochirus,Lmac_4
1.635582039,UL,L. macrochirus,Lmac_4
1.61727237,UL,L. macrochirus,Lmac_4
4.283766249,UR,L. macrochirus,Lmac_4
2.861996424,UR,L. macrochirus,Lmac_4
3.834684105,UR,L. macrochirus,Lmac_4
4.118851737,UR,L. macrochirus,Lmac_4
4.252462305,UR,L. macrochirus,Lmac_4
2.921917194,UL,L. macrochirus,Lmac_4
3.326328453,UL,L. macrochirus,Lmac_4
2.07977049,UL,L. macrochirus,Lmac_4
1.411295949,UL,L. macrochirus,Lmac_4
2.766790068,UL,L. macrochirus,Lmac_4
3.231435921,UL,L. macrochirus,Lmac_4
2.300996796,LR,L. macrochirus,Lmac_4
2.710939203,LR,L. macrochirus,Lmac_4
4.18435269,LR,L. macrochirus,Lmac_4
2.002501137,LR,L. macrochirus,Lmac_4
3.734074092,LL,L. macrochirus,Lmac_4
2.358161799,LL,L. macrochirus,Lmac_4
2.742664848,LL,L. macrochirus,Lmac_4
1.587017775,LL,L. macrochirus,Lmac_4
2.716391895,LL,L. macrochirus,Lmac_4
2.740879974,LL,L. macrochirus,Lmac_4
3.252128691,LR,L. macrochirus,Lmac_4
4.763936583,LR,L. macrochirus,Lmac_4
2.811098094,LR,L. macrochirus,Lmac_4
2.587214091,LL,L. macrochirus,Lmac_4
2.620450014,LL,L. macrochirus,Lmac_4
1.764661773,LL,L. macrochirus,Lmac_4
1.850218041,LL,L. macrochirus,Lmac_4
3.737231946,LR,L. macrochirus,Lmac_4
1.679203575,LR,L. macrochirus,Lmac_4
2.774929878,LL,L. macrochirus,Lmac_4
2.216450649,LL,L. macrochirus,Lmac_4
2.321130567,LL,L. macrochirus,Lmac_4
2.602052082,LR,L. macrochirus,Lmac_4
2.723443128,LR,L. macrochirus,Lmac_4
2.53334424,LL,L. macrochirus,Lmac_4
1.25804196,LL,L. macrochirus,Lmac_4
2.529499896,UR,L. macrochirus,Lmac_5
2.035825323,UR,L. macrochirus,Lmac_5
1.623313482,UR,L. macrochirus,Lmac_5
2.07839751,UR,L. macrochirus,Lmac_5
2.150263206,UR,L. macrochirus,Lmac_5
1.949817933,UR,L. macrochirus,Lmac_5
2.259385695,UR,L. macrochirus,Lmac_5
2.055782568,UR,L. macrochirus,Lmac_5
2.452593402,UR,L. macrochirus,Lmac_5
2.779470519,UR,L. macrochirus,Lmac_5
1.96002702,UL,L. macrochirus,Lmac_5
3.321150357,UR,L. macrochirus,Lmac_5
3.682950201,UR,L. macrochirus,Lmac_5
3.723776742,UR,L. macrochirus,Lmac_5
3.233819022,UR,L. macrochirus,Lmac_5
2.341637004,UR,L. macrochirus,Lmac_5
3.832212741,UL,L. macrochirus,Lmac_5
2.553889905,UL,L. macrochirus,Lmac_5
4.61723367,UR,L. macrochirus,Lmac_5
4.993449804,UR,L. macrochirus,Lmac_5
3.045730569,UR,L. macrochirus,Lmac_5
3.7845213,UR,L. macrochirus,Lmac_5
4.620342489,UL,L. macrochirus,Lmac_5
2.754011547,UL,L. macrochirus,Lmac_5
3.63722016,UL,L. macrochirus,Lmac_5
3.187814385,UL,L. macrochirus,Lmac_5
2.658530595,UL,L. macrochirus,Lmac_5
2.815854489,UL,L. macrochirus,Lmac_5
4.559921562,LR,L. macrochirus,Lmac_5
3.338449905,LR,L. macrochirus,Lmac_5
5.632395468,LR,L. macrochirus,Lmac_5
5.522635524,LR,L. macrochirus,Lmac_5
5.413787631,LL,L. macrochirus,Lmac_5
5.921917722,LL,L. macrochirus,Lmac_5
5.306999208,LL,L. macrochirus,Lmac_5
3.607328424,LL,L. macrochirus,Lmac_5
4.428144903,LL,L. macrochirus,Lmac_5
3.401616792,LL,L. macrochirus,Lmac_5
4.958703603,LR,L. macrochirus,Lmac_5
5.878659045,LR,L. macrochirus,Lmac_5
5.537601006,LR,L. macrochirus,Lmac_5
3.570248157,LR,L. macrochirus,Lmac_5
3.560274438,LL,L. macrochirus,Lmac_5
3.971589825,LL,L. macrochirus,Lmac_5
5.116253058,LL,L. macrochirus,Lmac_5
2.982475419,LL,L. macrochirus,Lmac_5
2.597786037,LL,L. macrochirus,Lmac_5
3.456369273,LL,L. macrochirus,Lmac_5
4.21524474,LR,L. macrochirus,Lmac_5
4.737987261,LR,L. macrochirus,Lmac_5
3.654882567,LR,L. macrochirus,Lmac_5
3.547182093,LR,L. macrochirus,Lmac_5
3.296387682,LL,L. macrochirus,Lmac_5
2.807292978,LL,L. macrochirus,Lmac_5
3.204839337,LL,L. macrochirus,Lmac_5
2.66819049,LR,L. macrochirus,Lmac_5
3.414758172,LR,L. macrochirus,Lmac_5
3.865350594,LR,L. macrochirus,Lmac_5
3.117047073,LR,L. macrochirus,Lmac_5
3.29103306,LL,L. macrochirus,Lmac_5
2.551085103,UR,Mi. salmoides,Msal_1
3.487300551,UR,Mi. salmoides,Msal_1
3.893379,UR,Mi. salmoides,Msal_1
3.740664396,UR,Mi. salmoides,Msal_1
3.570542367,UR,Mi. salmoides,Msal_1
3.485741238,UR,Mi. salmoides,Msal_1
3.143172921,UR,Mi. salmoides,Msal_1
2.401253757,UR,Mi. salmoides,Msal_1
3.869704902,UL,Mi. salmoides,Msal_1
1.942188087,UL,Mi. salmoides,Msal_1
2.053281783,UL,Mi. salmoides,Msal_1
3.495352098,UL,Mi. salmoides,Msal_1
4.367920116,UR,Mi. salmoides,Msal_1
4.221746781,UR,Mi. salmoides,Msal_1
3.056537883,UR,Mi. salmoides,Msal_1
3.34506963,UR,Mi. salmoides,Msal_1
4.036345446,UR,Mi. salmoides,Msal_1
5.327486031,UR,Mi. salmoides,Msal_1
4.820111079,UR,Mi. salmoides,Msal_1
3.770242308,UR,Mi. salmoides,Msal_1
4.658472105,UL,Mi. salmoides,Msal_1
4.988448234,UL,Mi. salmoides,Msal_1
4.0748085,UL,Mi. salmoides,Msal_1
3.703750848,UL,Mi. salmoides,Msal_1
3.322356618,UL,Mi. salmoides,Msal_1
3.388112553,UL,Mi. salmoides,Msal_1
2.823955071,UL,Mi. salmoides,Msal_1
4.601591505,UR,Mi. salmoides,Msal_1
3.001579455,UR,Mi. salmoides,Msal_1
3.122431116,UR,Mi. salmoides,Msal_1
3.955015995,UR,Mi. salmoides,Msal_1
2.204162478,UR,Mi. salmoides,Msal_1
4.101503154,UR,Mi. salmoides,Msal_1
3.102875958,UR,Mi. salmoides,Msal_1
4.123206045,UR,Mi. salmoides,Msal_1
1.887376764,UL,Mi. salmoides,Msal_1
4.689236664,UL,Mi. salmoides,Msal_1
4.877854695,UL,Mi. salmoides,Msal_1
3.204211689,UL,Mi. salmoides,Msal_1
5.151234627,UL,Mi. salmoides,Msal_1
4.031667507,UL,Mi. salmoides,Msal_1
4.379600253,UL,Mi. salmoides,Msal_1
3.769967712,UR,Mi. salmoides,Msal_1
5.864125071,UR,Mi. salmoides,Msal_1
6.053968977,UR,Mi. salmoides,Msal_1
4.162267326,UR,Mi. salmoides,Msal_1
4.10874072,UR,Mi. salmoides,Msal_1
5.091058875,UR,Mi. salmoides,Msal_1
4.434362541,UR,Mi. salmoides,Msal_1
4.654117797,UL,Mi. salmoides,Msal_1
4.002550524,UL,Mi. salmoides,Msal_1
2.910364548,UL,Mi. salmoides,Msal_1
3.512798751,UL,Mi. salmoides,Msal_1
3.987987129,UL,Mi. salmoides,Msal_1
3.545867955,UL,Mi. salmoides,Msal_1
3.372499809,UL,Mi. salmoides,Msal_1
5.877217416,UR,Mi. salmoides,Msal_1
3.663640218,UR,Mi. salmoides,Msal_1
2.870852145,UR,Mi. salmoides,Msal_1
4.0532331,UR,Mi. salmoides,Msal_1
2.812873161,UR,Mi. salmoides,Msal_1
4.99205721,UR,Mi. salmoides,Msal_1
4.924339875,UL,Mi. salmoides,Msal_1
4.935323715,UL,Mi. salmoides,Msal_1
4.02557736,UL,Mi. salmoides,Msal_1
4.793416425,UL,Mi. salmoides,Msal_1
2.603238729,UL,Mi. salmoides,Msal_1
4.579614018,UL,Mi. salmoides,Msal_1
4.781324394,UL,Mi. salmoides,Msal_1
5.186902686,LR,Mi. salmoides,Msal_1
3.842049162,LR,Mi. salmoides,Msal_1
4.53171663,LR,Mi. salmoides,Msal_1
3.708566085,LR,Mi. salmoides,Msal_1
3.428958708,LR,Mi. salmoides,Msal_1
4.817414154,LR,Mi. salmoides,Msal_1
3.954094137,LL,Mi. salmoides,Msal_1
4.960056969,LL,Mi. salmoides,Msal_1
5.723404428,LL,Mi. salmoides,Msal_1
4.84122555,LL,Mi. salmoides,Msal_1
3.757924716,LL,Mi. salmoides,Msal_1
4.922643264,LL,Mi. salmoides,Msal_1
3.686765124,LL,Mi. salmoides,Msal_1
4.731504834,LR,Mi. salmoides,Msal_1
6.768644295,LR,Mi. salmoides,Msal_1
4.528323408,LR,Mi. salmoides,Msal_1
3.999206337,LR,Mi. salmoides,Msal_1
4.416690327,LR,Mi. salmoides,Msal_1
3.169269348,LR,Mi. salmoides,Msal_1
3.219000645,LL,Mi. salmoides,Msal_1
4.644046008,LL,Mi. salmoides,Msal_1
3.496823148,LL,Mi. salmoides,Msal_1
4.976032572,LL,Mi. salmoides,Msal_1
3.824278878,LL,Mi. salmoides,Msal_1
3.706545843,LL,Mi. salmoides,Msal_1
4.770703413,LL,Mi. salmoides,Msal_1
4.16267922,LR,Mi. salmoides,Msal_1
5.56400145,LR,Mi. salmoides,Msal_1
4.149763401,LR,Mi. salmoides,Msal_1
4.099580982,LR,Mi. salmoides,Msal_1
4.290895938,LR,Mi. salmoides,Msal_1
3.115379883,LL,Mi. salmoides,Msal_1
4.221109326,LL,Mi. salmoides,Msal_1
4.415631171,LL,Mi. salmoides,Msal_1
2.816305611,LL,Mi. salmoides,Msal_1
3.942786666,LL,Mi. salmoides,Msal_1
3.731318325,LL,Mi. salmoides,Msal_1
4.435823784,LL,Mi. salmoides,Msal_1
3.754492266,LR,Mi. salmoides,Msal_1
2.37858978,LR,Mi. salmoides,Msal_1
4.517702427,LR,Mi. salmoides,Msal_1
1.256600331,LR,Mi. salmoides,Msal_1
2.34181353,LR,Mi. salmoides,Msal_1
2.751785358,LL,Mi. salmoides,Msal_1
2.923966857,LL,Mi. salmoides,Msal_1
2.589410859,LL,Mi. salmoides,Msal_1
1.575072849,LL,Mi. salmoides,Msal_1
3.078976299,LL,Mi. salmoides,Msal_1
2.582173293,LL,Mi. salmoides,Msal_1
3.125314374,LL,Mi. salmoides,Msal_1
1.899194199,LR,Mi. salmoides,Msal_1
2.17989996,LR,Mi. salmoides,Msal_1
2.153881989,LR,Mi. salmoides,Msal_1
2.036335287,LR,Mi. salmoides,Msal_1
1.886602011,LL,Mi. salmoides,Msal_1
2.035334973,LL,Mi. salmoides,Msal_1
1.875696627,LL,Mi. salmoides,Msal_1
3.185529354,LL,Mi. salmoides,Msal_1
3.419249778,LL,Mi. salmoides,Msal_1
0.907520166,LR,Mi. salmoides,Msal_1
2.108642298,LR,Mi. salmoides,Msal_1
2.052369732,LR,Mi. salmoides,Msal_1
1.152969762,LL,Mi. salmoides,Msal_1
2.390309145,LL,Mi. salmoides,Msal_1
4.554204081,LL,Mi. salmoides,Msal_1
2.03240268,LL,Mi. salmoides,Msal_1
1.567109565,LR,Mi. salmoides,Msal_1
1.619949681,UR,Mi. salmoides,Msal_2
5.269654152,UR,Mi. salmoides,Msal_2
4.906579398,UR,Mi. salmoides,Msal_2
6.547574901,UR,Mi. salmoides,Msal_2
7.444425051,UR,Mi. salmoides,Msal_2
4.333046424,UR,Mi. salmoides,Msal_2
7.688344755,UR,Mi. salmoides,Msal_2
5.488958286,UR,Mi. salmoides,Msal_2
7.580722737,UR,Mi. salmoides,Msal_2
7.708086246,UR,Mi. salmoides,Msal_2
6.72024675,UR,Mi. salmoides,Msal_2
6.286630245,UR,Mi. salmoides,Msal_2
6.370440867,UL,Mi. salmoides,Msal_2
5.869989657,UL,Mi. salmoides,Msal_2
5.511386895,UL,Mi. salmoides,Msal_2
5.372853213,UL,Mi. salmoides,Msal_2
4.997715849,UL,Mi. salmoides,Msal_2
4.876962258,UL,Mi. salmoides,Msal_2
5.888446431,UL,Mi. salmoides,Msal_2
5.720599626,UR,Mi. salmoides,Msal_2
8.753031903,UR,Mi. salmoides,Msal_2
8.981495775,UR,Mi. salmoides,Msal_2
5.671907871,UR,Mi. salmoides,Msal_2
8.15912979,UR,Mi. salmoides,Msal_2
7.787120859,UR,Mi. salmoides,Msal_2
7.833890442,UL,Mi. salmoides,Msal_2
8.885720613,UL,Mi. salmoides,Msal_2
7.451564547,UL,Mi. salmoides,Msal_2
6.281138325,UL,Mi. salmoides,Msal_2
4.83465486,UL,Mi. salmoides,Msal_2
5.53104993,UL,Mi. salmoides,Msal_2
4.335684507,UL,Mi. salmoides,Msal_2
9.39304653,LR,Mi. salmoides,Msal_2
9.546094572,LR,Mi. salmoides,Msal_2
8.167838406,LR,Mi. salmoides,Msal_2
6.899744271,LR,Mi. salmoides,Msal_2
8.06007909,LR,Mi. salmoides,Msal_2
7.268713032,LR,Mi. salmoides,Msal_2
7.847345646,LL,Mi. salmoides,Msal_2
8.318660259,LL,Mi. salmoides,Msal_2
5.947415922,LL,Mi. salmoides,Msal_2
7.116861444,LL,Mi. salmoides,Msal_2
6.128619861,LL,Mi. salmoides,Msal_2
6.581928822,LL,Mi. salmoides,Msal_2
9.48591882,LL,Mi. salmoides,Msal_2
7.929498885,LR,Mi. salmoides,Msal_2
4.608917334,LR,Mi. salmoides,Msal_2
6.238830927,LR,Mi. salmoides,Msal_2
5.071837155,LR,Mi. salmoides,Msal_2
6.656854302,LR,Mi. salmoides,Msal_2
5.269830678,LL,Mi. salmoides,Msal_2
5.149390911,LL,Mi. salmoides,Msal_2
7.416190698,LL,Mi. salmoides,Msal_2
3.885052857,LR,Mi. salmoides,Msal_2
4.302311286,LR,Mi. salmoides,Msal_2
6.203398236,LR,Mi. salmoides,Msal_2
6.722747535,LR,Mi. salmoides,Msal_2
6.580094913,UR,Mi. salmoides,Msal_3
5.266613982,UR,Mi. salmoides,Msal_3
3.099708297,UR,Mi. salmoides,Msal_3
6.207556404,UR,Mi. salmoides,Msal_3
4.813618845,UR,Mi. salmoides,Msal_3
4.531314543,UR,Mi. salmoides,Msal_3
7.436285241,UR,Mi. salmoides,Msal_3
7.258484331,UR,Mi. salmoides,Msal_3
6.164395797,UR,Mi. salmoides,Msal_3
4.963234437,UR,Mi. salmoides,Msal_3
4.971580194,UR,Mi. salmoides,Msal_3
6.951613494,UR,Mi. salmoides,Msal_3
5.722472763,UL,Mi. salmoides,Msal_3
3.76961466,UL,Mi. salmoides,Msal_3
4.122990291,UL,Mi. salmoides,Msal_3
8.248785384,UR,Mi. salmoides,Msal_3
7.456928976,UR,Mi. salmoides,Msal_3
7.924585578,UR,Mi. salmoides,Msal_3
7.36427244,UR,Mi. salmoides,Msal_3
6.610163175,UR,Mi. salmoides,Msal_3
7.661091102,UR,Mi. salmoides,Msal_3
4.69804335,UL,Mi. salmoides,Msal_3
4.728062577,UL,Mi. salmoides,Msal_3
3.837469293,UL,Mi. salmoides,Msal_3
4.715333091,UL,Mi. salmoides,Msal_3
5.134248903,UL,Mi. salmoides,Msal_3
5.393800965,UL,Mi. salmoides,Msal_3
7.73703651,UL,Mi. salmoides,Msal_3
4.21416597,UL,Mi. salmoides,Msal_3
5.820003378,UR,Mi. salmoides,Msal_3
6.330457728,UR,Mi. salmoides,Msal_3
7.695670584,UR,Mi. salmoides,Msal_3
7.284796512,UR,Mi. salmoides,Msal_3
6.063883854,UL,Mi. salmoides,Msal_3
4.734044847,UL,Mi. salmoides,Msal_3
5.83643991,UL,Mi. salmoides,Msal_3
4.729494399,UL,Mi. salmoides,Msal_3
6.552399945,UL,Mi. salmoides,Msal_3
6.744901548,UL,Mi. salmoides,Msal_3
6.259553118,UL,Mi. salmoides,Msal_3
7.449603147,UL,Mi. salmoides,Msal_3
4.742223885,LR,Mi. salmoides,Msal_3
7.515584643,LR,Mi. salmoides,Msal_3
10.01397674,LR,Mi. salmoides,Msal_3
6.702682413,LR,Mi. salmoides,Msal_3
8.154657798,LR,Mi. salmoides,Msal_3
6.683921622,LL,Mi. salmoides,Msal_3
2.633356026,LL,Mi. salmoides,Msal_3
3.98105358,LL,Mi. salmoides,Msal_3
3.175840038,LL,Mi. salmoides,Msal_3
3.276891366,LL,Mi. salmoides,Msal_3
3.587645775,LL,Mi. salmoides,Msal_3
3.646350477,LL,Mi. salmoides,Msal_3
4.999912617,LL,Mi. salmoides,Msal_3
1.95139686,LR,Mi. salmoides,Msal_3
6.363919212,LR,Mi. salmoides,Msal_3
3.70479039,LR,Mi. salmoides,Msal_3
3.526754112,LR,Mi. salmoides,Msal_3
3.973374699,LR,Mi. salmoides,Msal_3
4.589617158,LR,Mi. salmoides,Msal_3
4.946660607,LL,Mi. salmoides,Msal_3
4.563658029,LL,Mi. salmoides,Msal_3
5.522645331,LL,Mi. salmoides,Msal_3
6.822945654,LL,Mi. salmoides,Msal_3
7.107839004,LL,Mi. salmoides,Msal_3
3.405196347,LR,Mi. salmoides,Msal_3
2.215371879,LR,Mi. salmoides,Msal_3
1.953936873,LR,Mi. salmoides,Msal_3
3.05517471,LR,Mi. salmoides,Msal_3
2.928340779,LR,Mi. salmoides,Msal_3
4.009023144,LL,Mi. salmoides,Msal_3
6.059372634,LL,Mi. salmoides,Msal_3
3.056822286,LR,Mi. salmoides,Msal_3
2.736368754,LR,Mi. salmoides,Msal_3
3.21090987,LR,Mi. salmoides,Msal_3
2.230033344,LR,Mi. salmoides,Msal_3
3.192904218,UR,Mi. salmoides,Msal_4
5.691070749,UR,Mi. salmoides,Msal_4
3.845246244,UR,Mi. salmoides,Msal_4
8.48119167,UR,Mi. salmoides,Msal_4
6.893889492,UR,Mi. salmoides,Msal_4
6.462067668,UR,Mi. salmoides,Msal_4
6.495303591,UR,Mi. salmoides,Msal_4
9.957066714,UR,Mi. salmoides,Msal_4
5.20496718,UL,Mi. salmoides,Msal_4
5.284482336,UL,Mi. salmoides,Msal_4
8.327153121,UR,Mi. salmoides,Msal_4
8.579693178,UR,Mi. salmoides,Msal_4
6.505041942,UR,Mi. salmoides,Msal_4
4.907295309,UL,Mi. salmoides,Msal_4
5.888887746,UL,Mi. salmoides,Msal_4
5.223904497,UL,Mi. salmoides,Msal_4
6.493430454,UL,Mi. salmoides,Msal_4
4.545828903,UL,Mi. salmoides,Msal_4
4.748206155,LR,Mi. salmoides,Msal_4
4.018496706,LR,Mi. salmoides,Msal_4
4.684058568,LR,Mi. salmoides,Msal_4
6.456389415,LL,Mi. salmoides,Msal_4
6.346756962,LL,Mi. salmoides,Msal_4
5.565443079,LL,Mi. salmoides,Msal_4
7.618254126,LL,Mi. salmoides,Msal_4
4.813618845,LL,Mi. salmoides,Msal_4
3.521487753,LR,Mi. salmoides,Msal_4
6.008621409,LR,Mi. salmoides,Msal_4
2.950769388,LR,Mi. salmoides,Msal_4
5.135494392,LL,Mi. salmoides,Msal_4
7.028137515,LL,Mi. salmoides,Msal_4
5.287659804,LL,Mi. salmoides,Msal_4
7.423467492,LL,Mi. salmoides,Msal_4
5.909570709,LL,Mi. salmoides,Msal_4
5.217647631,LR,Mi. salmoides,Msal_4
6.232436763,LR,Mi. salmoides,Msal_4
3.968637918,LR,Mi. salmoides,Msal_4
5.310892587,LL,Mi. salmoides,Msal_4
2.972746875,LR,Mi. salmoides,Msal_4
4.401352179,LR,Mi. salmoides,Msal_4
4.021713402,LR,Mi. salmoides,Msal_4
3.326455944,UR,Mo. saxatilis,Msax_1
3.267662979,UR,Mo. saxatilis,Msax_1
4.02391017,UR,Mo. saxatilis,Msax_1
3.402960351,UR,Mo. saxatilis,Msax_1
3.775430211,UR,Mo. saxatilis,Msax_1
6.152372415,UR,Mo. saxatilis,Msax_1
4.801526814,UR,Mo. saxatilis,Msax_1
3.337753608,UR,Mo. saxatilis,Msax_1
5.171642994,UR,Mo. saxatilis,Msax_1
4.198563033,UL,Mo. saxatilis,Msax_1
2.987624094,UR,Mo. saxatilis,Msax_1
4.293573249,UR,Mo. saxatilis,Msax_1
3.0215367,UR,Mo. saxatilis,Msax_1
4.962283158,UR,Mo. saxatilis,Msax_1
4.9927437,UR,Mo. saxatilis,Msax_1
3.742615989,UR,Mo. saxatilis,Msax_1
7.005708906,UR,Mo. saxatilis,Msax_1
5.587253847,UR,Mo. saxatilis,Msax_1
3.767957277,UR,Mo. saxatilis,Msax_1
3.203613462,UR,Mo. saxatilis,Msax_1
4.332614916,UL,Mo. saxatilis,Msax_1
6.078819915,UL,Mo. saxatilis,Msax_1
7.306881876,UL,Mo. saxatilis,Msax_1
4.196395686,UL,Mo. saxatilis,Msax_1
5.252276148,UL,Mo. saxatilis,Msax_1
5.096080059,UL,Mo. saxatilis,Msax_1
4.706447949,UL,Mo. saxatilis,Msax_1
9.979034394,UL,Mo. saxatilis,Msax_1
5.730514503,UL,Mo. saxatilis,Msax_1
3.882081336,UL,Mo. saxatilis,Msax_1
3.828309555,UR,Mo. saxatilis,Msax_1
4.246185825,UR,Mo. saxatilis,Msax_1
4.239213048,UR,Mo. saxatilis,Msax_1
5.009170425,UR,Mo. saxatilis,Msax_1
5.985653415,UR,Mo. saxatilis,Msax_1
3.321836847,UR,Mo. saxatilis,Msax_1
4.18278357,UR,Mo. saxatilis,Msax_1
4.202436798,UR,Mo. saxatilis,Msax_1
3.198729576,UR,Mo. saxatilis,Msax_1
3.432214632,UL,Mo. saxatilis,Msax_1
3.768604539,UL,Mo. saxatilis,Msax_1
4.613252028,UL,Mo. saxatilis,Msax_1
6.344177721,UL,Mo. saxatilis,Msax_1
7.278892698,UL,Mo. saxatilis,Msax_1
2.976061641,UL,Mo. saxatilis,Msax_1
3.363036054,UL,Mo. saxatilis,Msax_1
7.200171909,UL,Mo. saxatilis,Msax_1
6.731063871,UL,Mo. saxatilis,Msax_1
4.988605146,UL,Mo. saxatilis,Msax_1
7.447161204,UL,Mo. saxatilis,Msax_1
4.942541667,LR,Mo. saxatilis,Msax_1
3.905186628,LR,Mo. saxatilis,Msax_1
3.502952523,LR,Mo. saxatilis,Msax_1
4.623686676,LR,Mo. saxatilis,Msax_1
5.778519768,LR,Mo. saxatilis,Msax_1
8.31682635,LR,Mo. saxatilis,Msax_1
4.516535394,LR,Mo. saxatilis,Msax_1
7.053008067,LR,Mo. saxatilis,Msax_1
3.885945294,LL,Mo. saxatilis,Msax_1
6.813383829,LL,Mo. saxatilis,Msax_1
3.77510658,LL,Mo. saxatilis,Msax_1
7.651990206,LL,Mo. saxatilis,Msax_1
5.615919708,LL,Mo. saxatilis,Msax_1
5.662551993,LL,Mo. saxatilis,Msax_1
5.253256848,LL,Mo. saxatilis,Msax_1
5.297604102,LL,Mo. saxatilis,Msax_1
8.571435684,LL,Mo. saxatilis,Msax_1
7.350081711,LL,Mo. saxatilis,Msax_1
4.517182656,LR,Mo. saxatilis,Msax_1
5.904078789,LR,Mo. saxatilis,Msax_1
6.379306395,LR,Mo. saxatilis,Msax_1
6.368695221,LR,Mo. saxatilis,Msax_1
4.253609724,LR,Mo. saxatilis,Msax_1
5.096335041,LR,Mo. saxatilis,Msax_1
4.97469882,LR,Mo. saxatilis,Msax_1
4.713665901,LR,Mo. saxatilis,Msax_1
3.046956444,LL,Mo. saxatilis,Msax_1
4.016662797,LL,Mo. saxatilis,Msax_1
6.527058657,LL,Mo. saxatilis,Msax_1
6.655971672,LL,Mo. saxatilis,Msax_1
2.727297279,LL,Mo. saxatilis,Msax_1
3.436362993,LL,Mo. saxatilis,Msax_1
3.767584611,LL,Mo. saxatilis,Msax_1
6.275116827,LR,Mo. saxatilis,Msax_1
2.438559585,LR,Mo. saxatilis,Msax_1
4.02950016,LR,Mo. saxatilis,Msax_1
2.856710451,LR,Mo. saxatilis,Msax_1
2.334183684,LR,Mo. saxatilis,Msax_1
4.132944396,LR,Mo. saxatilis,Msax_1
3.429027357,LR,Mo. saxatilis,Msax_1
2.341744881,LL,Mo. saxatilis,Msax_1
4.504266837,LL,Mo. saxatilis,Msax_1
3.815854665,LL,Mo. saxatilis,Msax_1
1.847315169,LL,Mo. saxatilis,Msax_1
3.26651556,LR,Mo. saxatilis,Msax_1
2.932018404,LR,Mo. saxatilis,Msax_1
3.196699527,LR,Mo. saxatilis,Msax_1
5.925713031,LR,Mo. saxatilis,Msax_1
2.685705792,LR,Mo. saxatilis,Msax_1
2.407500816,LR,Mo. saxatilis,Msax_1
4.161168942,UR,Mo. saxatilis,Msax_2
3.397880325,UR,Mo. saxatilis,Msax_2
3.493194558,UR,Mo. saxatilis,Msax_2
4.967971218,UR,Mo. saxatilis,Msax_2
4.52465559,UR,Mo. saxatilis,Msax_2
4.539532809,UR,Mo. saxatilis,Msax_2
4.26447588,UR,Mo. saxatilis,Msax_2
2.656628037,UR,Mo. saxatilis,Msax_2
2.938883304,UR,Mo. saxatilis,Msax_2
4.547643198,UR,Mo. saxatilis,Msax_2
4.556253744,UR,Mo. saxatilis,Msax_2
3.701612922,UR,Mo. saxatilis,Msax_2
3.704388303,UR,Mo. saxatilis,Msax_2
2.557312548,UR,Mo. saxatilis,Msax_2
4.530157317,UR,Mo. saxatilis,Msax_2
4.011926016,UR,Mo. saxatilis,Msax_2
2.619812559,UR,Mo. saxatilis,Msax_2
3.305616069,UL,Mo. saxatilis,Msax_2
3.088145844,UL,Mo. saxatilis,Msax_2
4.455859485,UL,Mo. saxatilis,Msax_2
3.816158682,UL,Mo. saxatilis,Msax_2
2.169671259,UL,Mo. saxatilis,Msax_2
3.118880982,UL,Mo. saxatilis,Msax_2
3.744283179,UR,Mo. saxatilis,Msax_2
3.008110917,UR,Mo. saxatilis,Msax_2
4.465372275,UR,Mo. saxatilis,Msax_2
4.687765614,UR,Mo. saxatilis,Msax_2
3.919446006,UR,Mo. saxatilis,Msax_2
4.085733498,UR,Mo. saxatilis,Msax_2
5.135808216,UR,Mo. saxatilis,Msax_2
3.299231712,UR,Mo. saxatilis,Msax_2
5.295564246,UL,Mo. saxatilis,Msax_2
4.379198166,UL,Mo. saxatilis,Msax_2
4.198621875,UL,Mo. saxatilis,Msax_2
4.05087942,UL,Mo. saxatilis,Msax_2
3.592872906,UL,Mo. saxatilis,Msax_2
6.948622359,UL,Mo. saxatilis,Msax_2
6.644693622,UL,Mo. saxatilis,Msax_2
9.397155663,UL,Mo. saxatilis,Msax_2
8.578133865,UL,Mo. saxatilis,Msax_2
8.889290361,UL,Mo. saxatilis,Msax_2
8.585057607,UL,Mo. saxatilis,Msax_2
4.101405084,LR,Mo. saxatilis,Msax_2
4.775332317,LR,Mo. saxatilis,Msax_2
4.540425246,LR,Mo. saxatilis,Msax_2
5.808078066,LR,Mo. saxatilis,Msax_2
6.442277142,LR,Mo. saxatilis,Msax_2
6.951436968,LR,Mo. saxatilis,Msax_2
4.384248771,LR,Mo. saxatilis,Msax_2
3.312990933,LL,Mo. saxatilis,Msax_2
3.754462845,LL,Mo. saxatilis,Msax_2
4.379109903,LL,Mo. saxatilis,Msax_2
5.628972825,LL,Mo. saxatilis,Msax_2
5.228101893,LL,Mo. saxatilis,Msax_2
6.543779592,LL,Mo. saxatilis,Msax_2
5.788591557,LL,Mo. saxatilis,Msax_2
5.129061,LL,Mo. saxatilis,Msax_2
4.480877142,LL,Mo. saxatilis,Msax_2
7.686961968,LL,Mo. saxatilis,Msax_2
7.827957207,LL,Mo. saxatilis,Msax_2
5.928831657,LR,Mo. saxatilis,Msax_2
5.073533766,LR,Mo. saxatilis,Msax_2
5.020909404,LR,Mo. saxatilis,Msax_2
3.221628921,LR,Mo. saxatilis,Msax_2
6.052801944,LR,Mo. saxatilis,Msax_2
6.258484155,LR,Mo. saxatilis,Msax_2
2.189912907,LR,Mo. saxatilis,Msax_2
4.683607446,LL,Mo. saxatilis,Msax_2
4.786629981,LL,Mo. saxatilis,Msax_2
4.263848232,LL,Mo. saxatilis,Msax_2
4.14581118,LL,Mo. saxatilis,Msax_2
3.357710853,LL,Mo. saxatilis,Msax_2
5.718991278,LL,Mo. saxatilis,Msax_2
6.108917598,LL,Mo. saxatilis,Msax_2
6.551546736,LL,Mo. saxatilis,Msax_2
5.904127824,LL,Mo. saxatilis,Msax_2
6.534168732,LL,Mo. saxatilis,Msax_2
6.265917861,LR,Mo. saxatilis,Msax_2
2.61503655,LR,Mo. saxatilis,Msax_2
3.566384199,LR,Mo. saxatilis,Msax_2
2.439550092,LR,Mo. saxatilis,Msax_2
1.632992991,LR,Mo. saxatilis,Msax_2
4.640093787,LR,Mo. saxatilis,Msax_2
4.316070507,LR,Mo. saxatilis,Msax_2
4.791101973,LL,Mo. saxatilis,Msax_2
5.551242543,LL,Mo. saxatilis,Msax_2
3.471138615,LL,Mo. saxatilis,Msax_2
3.942364965,LL,Mo. saxatilis,Msax_2
3.454201926,LL,Mo. saxatilis,Msax_2
3.684146655,LR,Mo. saxatilis,Msax_2
2.823445107,LR,Mo. saxatilis,Msax_2
1.875176856,LR,Mo. saxatilis,Msax_2
3.673025517,LR,Mo. saxatilis,Msax_2
4.035158799,LR,Mo. saxatilis,Msax_2
2.342970756,LL,Mo. saxatilis,Msax_2
3.596364198,LL,Mo. saxatilis,Msax_2
4.414405296,LL,Mo. saxatilis,Msax_2
3.537120111,UR,Mo. saxatilis,Msax_3
3.368655465,UR,Mo. saxatilis,Msax_3
3.096717162,UR,Mo. saxatilis,Msax_3
3.432852087,UR,Mo. saxatilis,Msax_3
2.99888253,UR,Mo. saxatilis,Msax_3
1.675977072,UR,Mo. saxatilis,Msax_3
1.899253041,UR,Mo. saxatilis,Msax_3
2.310352674,UR,Mo. saxatilis,Msax_3
3.115173936,UR,Mo. saxatilis,Msax_3
2.668514121,UR,Mo. saxatilis,Msax_3
4.730965449,UR,Mo. saxatilis,Msax_3
3.475022187,UR,Mo. saxatilis,Msax_3
4.004021574,UR,Mo. saxatilis,Msax_3
3.454113663,UR,Mo. saxatilis,Msax_3
3.648939525,UL,Mo. saxatilis,Msax_3
2.926065555,UL,Mo. saxatilis,Msax_3
3.420652179,UL,Mo. saxatilis,Msax_3
3.607975686,UL,Mo. saxatilis,Msax_3
2.226100737,UR,Mo. saxatilis,Msax_3
2.996558271,UR,Mo. saxatilis,Msax_3
2.757326313,UR,Mo. saxatilis,Msax_3
4.608064125,UR,Mo. saxatilis,Msax_3
2.998656969,UR,Mo. saxatilis,Msax_3
4.355926155,UR,Mo. saxatilis,Msax_3
5.116243251,UR,Mo. saxatilis,Msax_3
4.048868985,UR,Mo. saxatilis,Msax_3
2.964793398,UL,Mo. saxatilis,Msax_3
3.376206855,UL,Mo. saxatilis,Msax_3
5.460861231,UL,Mo. saxatilis,Msax_3
3.109358385,UL,Mo. saxatilis,Msax_3
4.154882655,UL,Mo. saxatilis,Msax_3
3.671240643,UL,Mo. saxatilis,Msax_3
5.061696717,UL,Mo. saxatilis,Msax_3
3.000000528,UL,Mo. saxatilis,Msax_3
7.725111198,UL,Mo. saxatilis,Msax_3
4.344040071,UR,Mo. saxatilis,Msax_3
4.474306452,UR,Mo. saxatilis,Msax_3
3.442541403,UR,Mo. saxatilis,Msax_3
5.227748841,UR,Mo. saxatilis,Msax_3
5.317227909,UR,Mo. saxatilis,Msax_3
3.728199699,UR,Mo. saxatilis,Msax_3
4.520409159,UR,Mo. saxatilis,Msax_3
3.387278958,UR,Mo. saxatilis,Msax_3
3.413375385,UL,Mo. saxatilis,Msax_3
1.181066817,UL,Mo. saxatilis,Msax_3
4.751923008,UL,Mo. saxatilis,Msax_3
3.957918867,UL,Mo. saxatilis,Msax_3
3.721089624,UL,Mo. saxatilis,Msax_3
2.009022792,UL,Mo. saxatilis,Msax_3
2.839842411,UL,Mo. saxatilis,Msax_3
5.652333099,UL,Mo. saxatilis,Msax_3
7.150862313,UL,Mo. saxatilis,Msax_3
3.749010153,LR,Mo. saxatilis,Msax_3
3.575985252,LR,Mo. saxatilis,Msax_3
2.348325378,LR,Mo. saxatilis,Msax_3
2.759248485,LR,Mo. saxatilis,Msax_3
4.039179669,LR,Mo. saxatilis,Msax_3
4.101405084,LR,Mo. saxatilis,Msax_3
3.87709938,LL,Mo. saxatilis,Msax_3
1.909305216,LL,Mo. saxatilis,Msax_3
3.502638699,LL,Mo. saxatilis,Msax_3
5.440805916,LL,Mo. saxatilis,Msax_3
3.757954137,LL,Mo. saxatilis,Msax_3
1.654127076,LL,Mo. saxatilis,Msax_3
4.927890009,LL,Mo. saxatilis,Msax_3
4.151626731,LL,Mo. saxatilis,Msax_3
5.284756932,LL,Mo. saxatilis,Msax_3
4.695317004,LR,Mo. saxatilis,Msax_3
4.759739187,LR,Mo. saxatilis,Msax_3
2.81500128,LR,Mo. saxatilis,Msax_3
4.078495932,LR,Mo. saxatilis,Msax_3
3.864811209,LR,Mo. saxatilis,Msax_3
3.866282259,LR,Mo. saxatilis,Msax_3
3.209075961,LL,Mo. saxatilis,Msax_3
1.703534742,LL,Mo. saxatilis,Msax_3
4.514426889,LL,Mo. saxatilis,Msax_3
5.478239235,LL,Mo. saxatilis,Msax_3
2.404843119,LL,Mo. saxatilis,Msax_3
2.687451438,LL,Mo. saxatilis,Msax_3
3.085635252,LL,Mo. saxatilis,Msax_3
2.244861528,LR,Mo. saxatilis,Msax_3
2.731945797,LR,Mo. saxatilis,Msax_3
3.099217947,LR,Mo. saxatilis,Msax_3
2.244812493,LL,Mo. saxatilis,Msax_3
3.678831261,LL,Mo. saxatilis,Msax_3
2.201171343,LL,Mo. saxatilis,Msax_3
1.887818079,LL,Mo. saxatilis,Msax_3
2.871646512,LL,Mo. saxatilis,Msax_3
1.271261796,LL,Mo. saxatilis,Msax_3
2.861731635,LR,Mo. saxatilis,Msax_3
3.277656312,LR,Mo. saxatilis,Msax_3
3.611104119,LR,Mo. saxatilis,Msax_3
3.135631338,UR,P. flavescens,Pfla_1
3.341156637,UR,P. flavescens,Pfla_1
2.246705244,UR,P. flavescens,Pfla_1
3.886092399,UR,P. flavescens,Pfla_1
3.102905379,UR,P. flavescens,Pfla_1
4.354631631,UR,P. flavescens,Pfla_1
3.499853511,UR,P. flavescens,Pfla_1
5.018987232,UR,P. flavescens,Pfla_1
6.416680872,UR,P. flavescens,Pfla_1
4.492498437,UR,P. flavescens,Pfla_1
5.342745723,UR,P. flavescens,Pfla_1
7.115145219,UR,P. flavescens,Pfla_1
5.939540901,UR,P. flavescens,Pfla_1
4.986898728,UR,P. flavescens,Pfla_1
3.063079152,UL,P. flavescens,Pfla_1
3.584840973,UL,P. flavescens,Pfla_1
7.822023972,UR,P. flavescens,Pfla_1
11.78034493,UR,P. flavescens,Pfla_1
7.463303526,UR,P. flavescens,Pfla_1
9.613968819,UR,P. flavescens,Pfla_1
8.152372767,UR,P. flavescens,Pfla_1
7.733319657,UR,P. flavescens,Pfla_1
8.718501456,UR,P. flavescens,Pfla_1
8.021419896,UL,P. flavescens,Pfla_1
5.773106304,UL,P. flavescens,Pfla_1
3.555684762,UL,P. flavescens,Pfla_1
3.464832714,UL,P. flavescens,Pfla_1
3.935696205,UL,P. flavescens,Pfla_1
7.097796636,UR,P. flavescens,Pfla_1
6.340245114,UR,P. flavescens,Pfla_1
8.52973632,UR,P. flavescens,Pfla_1
8.343383706,UR,P. flavescens,Pfla_1
10.79854654,UR,P. flavescens,Pfla_1
9.138800055,UR,P. flavescens,Pfla_1
8.158649247,UR,P. flavescens,Pfla_1
11.0599129,UL,P. flavescens,Pfla_1
9.263525481,UL,P. flavescens,Pfla_1
6.862134426,UL,P. flavescens,Pfla_1
7.143948378,UL,P. flavescens,Pfla_1
6.221570607,UL,P. flavescens,Pfla_1
6.163719114,UL,P. flavescens,Pfla_1
3.695728722,UL,P. flavescens,Pfla_1
5.665356795,LR,P. flavescens,Pfla_1
11.40949322,LR,P. flavescens,Pfla_1
9.730103313,LR,P. flavescens,Pfla_1
7.849630677,LR,P. flavescens,Pfla_1
8.278530015,LR,P. flavescens,Pfla_1
8.396665137,LR,P. flavescens,Pfla_1
9.825496002,LL,P. flavescens,Pfla_1
11.13656441,LL,P. flavescens,Pfla_1
8.126756883,LL,P. flavescens,Pfla_1
10.64556715,LL,P. flavescens,Pfla_1
8.381817339,LL,P. flavescens,Pfla_1
6.91599447,LL,P. flavescens,Pfla_1
7.413062265,LL,P. flavescens,Pfla_1
4.837077189,LL,P. flavescens,Pfla_1
5.495146503,LL,P. flavescens,Pfla_1
4.313304933,LL,P. flavescens,Pfla_1
3.94006032,LR,P. flavescens,Pfla_1
6.974257857,LR,P. flavescens,Pfla_1
5.287728453,LR,P. flavescens,Pfla_1
5.688697455,LR,P. flavescens,Pfla_1
8.107378251,LR,P. flavescens,Pfla_1
7.849944501,LR,P. flavescens,Pfla_1
5.55311568,LL,P. flavescens,Pfla_1
7.594276011,LL,P. flavescens,Pfla_1
6.700279698,LL,P. flavescens,Pfla_1
6.957291747,LL,P. flavescens,Pfla_1
8.741606748,LL,P. flavescens,Pfla_1
6.784472793,LL,P. flavescens,Pfla_1
5.754335706,LL,P. flavescens,Pfla_1
6.680381295,LL,P. flavescens,Pfla_1
6.437824764,LL,P. flavescens,Pfla_1
5.823563319,LL,P. flavescens,Pfla_1
4.602856608,LR,P. flavescens,Pfla_1
5.383797825,LR,P. flavescens,Pfla_1
5.12092119,LR,P. flavescens,Pfla_1
5.181302889,LR,P. flavescens,Pfla_1
4.390976373,LR,P. flavescens,Pfla_1
5.097256899,LL,P. flavescens,Pfla_1
6.306626718,LL,P. flavescens,Pfla_1
5.301507288,LL,P. flavescens,Pfla_1
5.239938942,LL,P. flavescens,Pfla_1
5.093491011,UR,P. flavescens,Pfla_2
4.080388683,UR,P. flavescens,Pfla_2
5.344609053,UR,P. flavescens,Pfla_2
5.016839499,UR,P. flavescens,Pfla_2
3.940364337,UR,P. flavescens,Pfla_2
5.1437715,UR,P. flavescens,Pfla_2
7.338891924,UR,P. flavescens,Pfla_2
5.509876617,UR,P. flavescens,Pfla_2
5.82427923,UR,P. flavescens,Pfla_2
6.647017881,UR,P. flavescens,Pfla_2
3.193492638,UR,P. flavescens,Pfla_2
4.262965602,UR,P. flavescens,Pfla_2
2.687176842,UL,P. flavescens,Pfla_2
10.37611982,UR,P. flavescens,Pfla_2
9.299007207,UR,P. flavescens,Pfla_2
7.696661091,UR,P. flavescens,Pfla_2
6.290484396,UR,P. flavescens,Pfla_2
6.414719472,UR,P. flavescens,Pfla_2
5.210537556,UR,P. flavescens,Pfla_2
8.115567096,UL,P. flavescens,Pfla_2
4.40079318,UL,P. flavescens,Pfla_2
3.921446634,UL,P. flavescens,Pfla_2
1.955290239,UL,P. flavescens,Pfla_2
6.390496182,LR,P. flavescens,Pfla_2
6.039591915,LR,P. flavescens,Pfla_2
10.26141715,LR,P. flavescens,Pfla_2
9.041112528,LR,P. flavescens,Pfla_2
8.79236778,LR,P. flavescens,Pfla_2
10.73247678,LR,P. flavescens,Pfla_2
6.580075299,LL,P. flavescens,Pfla_2
8.200780119,LL,P. flavescens,Pfla_2
7.534374855,LL,P. flavescens,Pfla_2
5.722717938,LL,P. flavescens,Pfla_2
3.197435052,LL,P. flavescens,Pfla_2
5.024665485,LL,P. flavescens,Pfla_2
4.823543529,LL,P. flavescens,Pfla_2
3.68566674,LL,P. flavescens,Pfla_2
7.262789604,LR,P. flavescens,Pfla_2
7.213509429,LR,P. flavescens,Pfla_2
6.99994239,LR,P. flavescens,Pfla_2
7.385690928,LR,P. flavescens,Pfla_2
6.789984327,LR,P. flavescens,Pfla_2
9.861379815,LR,P. flavescens,Pfla_2
6.701927274,LL,P. flavescens,Pfla_2
6.536983341,LL,P. flavescens,Pfla_2
6.933813789,LL,P. flavescens,Pfla_2
6.868930677,LL,P. flavescens,Pfla_2
6.798643908,LL,P. flavescens,Pfla_2
6.038591601,LL,P. flavescens,Pfla_2
5.322406005,LL,P. flavescens,Pfla_2
5.819287467,LL,P. flavescens,Pfla_2
2.503776135,LR,P. flavescens,Pfla_2
4.76365218,LR,P. flavescens,Pfla_2
5.780363484,LR,P. flavescens,Pfla_2
5.264015127,LR,P. flavescens,Pfla_2
5.725826757,LR,P. flavescens,Pfla_2
7.762554324,LL,P. flavescens,Pfla_2
7.501315458,LL,P. flavescens,Pfla_2
5.278951188,LL,P. flavescens,Pfla_2
4.570366017,LL,P. flavescens,Pfla_2
4.904510121,LL,P. flavescens,Pfla_2
4.901528793,LL,P. flavescens,Pfla_2
2.682136044,UR,P. flavescens,Pfla_3
3.359260359,UR,P. flavescens,Pfla_3
4.413110772,UR,P. flavescens,Pfla_3
3.614644446,UR,P. flavescens,Pfla_3
3.964175733,UR,P. flavescens,Pfla_3
2.545083219,UR,P. flavescens,Pfla_3
4.955702661,UR,P. flavescens,Pfla_3
6.451397652,UR,P. flavescens,Pfla_3
6.730504872,UR,P. flavescens,Pfla_3
2.549751351,UR,P. flavescens,Pfla_3
2.187676911,UR,P. flavescens,Pfla_3
4.754816073,UL,P. flavescens,Pfla_3
2.928595761,UL,P. flavescens,Pfla_3
3.33124176,UL,P. flavescens,Pfla_3
2.073013467,UL,P. flavescens,Pfla_3
3.968069112,UL,P. flavescens,Pfla_3
7.346168718,UR,P. flavescens,Pfla_3
7.961018583,UR,P. flavescens,Pfla_3
7.391231883,UR,P. flavescens,Pfla_3
6.575220834,UR,P. flavescens,Pfla_3
7.025999589,UR,P. flavescens,Pfla_3
6.297721962,UR,P. flavescens,Pfla_3
5.064736887,UL,P. flavescens,Pfla_3
5.822680689,UL,P. flavescens,Pfla_3
6.18566718,UL,P. flavescens,Pfla_3
6.920947005,UL,P. flavescens,Pfla_3
5.922231546,UL,P. flavescens,Pfla_3
3.924879084,UL,P. flavescens,Pfla_3
2.596550355,UL,P. flavescens,Pfla_3
6.74309706,LR,P. flavescens,Pfla_3
6.48272121,LR,P. flavescens,Pfla_3
7.047290586,LR,P. flavescens,Pfla_3
7.491331932,LR,P. flavescens,Pfla_3
7.079938089,LL,P. flavescens,Pfla_3
5.6547162,LL,P. flavescens,Pfla_3
6.157099389,LL,P. flavescens,Pfla_3
8.241812607,LL,P. flavescens,Pfla_3
6.332066076,LL,P. flavescens,Pfla_3
4.151322714,LL,P. flavescens,Pfla_3
5.45318235,LL,P. flavescens,Pfla_3
6.209027454,LL,P. flavescens,Pfla_3
3.082408749,LL,P. flavescens,Pfla_3
7.301978376,LR,P. flavescens,Pfla_3
4.467931902,LR,P. flavescens,Pfla_3
3.753119286,LR,P. flavescens,Pfla_3
6.956075679,LR,P. flavescens,Pfla_3
2.522056383,LR,P. flavescens,Pfla_3
5.032314945,LL,P. flavescens,Pfla_3
5.752344885,LL,P. flavescens,Pfla_3
3.602140521,LL,P. flavescens,Pfla_3
2.730131502,LL,P. flavescens,Pfla_3
4.655853636,LL,P. flavescens,Pfla_3
2.026724427,LL,P. flavescens,Pfla_3
2.762965338,LL,P. flavescens,Pfla_3
3.142025502,LL,P. flavescens,Pfla_3
3.074072799,LL,P. flavescens,Pfla_3
5.172064695,LR,P. flavescens,Pfla_3
4.633326957,LR,P. flavescens,Pfla_3
3.411325722,LR,P. flavescens,Pfla_3
4.634288043,LR,P. flavescens,Pfla_3
2.569306509,LL,P. flavescens,Pfla_3
1.872862404,LL,P. flavescens,Pfla_3
4.061019858,LR,P. flavescens,Pfla_3
4.040366316,LR,P. flavescens,Pfla_3
4.390309497,LR,P. flavescens,Pfla_3
5.046054552,LL,P. flavescens,Pfla_3
2.380688478,UR,P. flavescens,Pfla_4
2.517241146,UR,P. flavescens,Pfla_4
1.787502276,UR,P. flavescens,Pfla_4
2.23383846,UR,P. flavescens,Pfla_4
3.128472228,UR,P. flavescens,Pfla_4
2.728984083,UR,P. flavescens,Pfla_4
5.949112533,UR,P. flavescens,Pfla_4
2.107730247,UR,P. flavescens,Pfla_4
3.669132138,UR,P. flavescens,Pfla_4
3.098433387,UR,P. flavescens,Pfla_4
4.037483058,UL,P. flavescens,Pfla_4
6.276019071,UR,P. flavescens,Pfla_4
7.025999589,UR,P. flavescens,Pfla_4
6.532364244,UR,P. flavescens,Pfla_4
6.824279406,UR,P. flavescens,Pfla_4
4.463803155,UL,P. flavescens,Pfla_4
2.973600084,UL,P. flavescens,Pfla_4
4.465136907,UL,P. flavescens,Pfla_4
4.105023867,UL,P. flavescens,Pfla_4
4.737408648,UL,P. flavescens,Pfla_4
6.65159775,LR,P. flavescens,Pfla_4
7.324240266,LR,P. flavescens,Pfla_4
5.570915385,LR,P. flavescens,Pfla_4
8.145243078,LR,P. flavescens,Pfla_4
9.894164616,LR,P. flavescens,Pfla_4
10.25829853,LL,P. flavescens,Pfla_4
6.712322694,LL,P. flavescens,Pfla_4
8.10764304,LL,P. flavescens,Pfla_4
5.935922118,LL,P. flavescens,Pfla_4
7.944621279,LL,P. flavescens,Pfla_4
5.587126356,LL,P. flavescens,Pfla_4
1.955103906,LL,P. flavescens,Pfla_4
5.027185884,LR,P. flavescens,Pfla_4
4.635935619,LR,P. flavescens,Pfla_4
4.626501285,LR,P. flavescens,Pfla_4
7.036571535,LR,P. flavescens,Pfla_4
6.668132352,LL,P. flavescens,Pfla_4
7.161718662,LL,P. flavescens,Pfla_4
5.033687925,LL,P. flavescens,Pfla_4
6.54989916,LL,P. flavescens,Pfla_4
5.347776714,LL,P. flavescens,Pfla_4
4.586576988,LL,P. flavescens,Pfla_4
4.145595426,LR,P. flavescens,Pfla_4
4.602189732,LR,P. flavescens,Pfla_4
3.660482364,LR,P. flavescens,Pfla_4
5.074759641,LR,P. flavescens,Pfla_4
7.225238601,LL,P. flavescens,Pfla_4
7.125226815,LL,P. flavescens,Pfla_4
3.491468526,LL,P. flavescens,Pfla_4